match_id,team_id,opponent_team_id,cxg_total,goals,provider_xg,shots,cxg_delta,provider_delta
1,2,3,1.185019453298336,2,1.1890035350000001,12,0.814980546701664,0.8109964649999999
1,3,2,3.242718031999822,3,3.1035154719999998,14,-0.2427180319998219,-0.10351547199999978
2,4,5,1.8006934755726034,2,1.481579303,14,0.1993065244273966,0.518420697
2,5,4,0.30384058821214555,0,0.42611782,5,-0.30384058821214555,-0.42611782
3,5,6,0.3627791598645428,1,0.469723377,8,0.6372208401354572,0.530276623
3,6,5,0.7738644491724053,0,0.737154632,14,-0.7738644491724053,-0.737154632
4,2,7,0.20502447901801957,0,0.163327144,5,-0.20502447901801957,-0.163327144
4,7,2,2.2756688422491425,2,2.1238895187,23,-0.27566884224914245,-0.12388951869999998
5,5,8,0.4454219246986554,1,0.3590377687,9,0.5545780753013446,0.6409622313000001
5,8,5,0.8578723373518764,0,1.052170345,14,-0.8578723373518764,-1.052170345
6,9,10,1.21743953168664,1,1.0016627869999999,9,-0.21743953168664,-0.0016627869999998879
6,10,9,0.8240135886078626,1,0.92396471,12,0.17598641139213744,0.07603528999999998
7,4,11,0.8593552490455304,1,1.155697131,13,0.1406447509544696,-0.15569713099999993
7,11,4,0.6651156300701253,2,0.569537827,7,1.3348843699298747,1.430462173
8,12,13,0.516699420963289,0,0.417294332,10,-0.516699420963289,-0.417294332
8,13,12,0.4507539673935571,0,0.492992523,7,-0.4507539673935571,-0.492992523
9,14,15,0.8711183890703739,1,0.972022875,9,0.12888161092962613,0.027977125000000047
9,15,14,0.6058826679907527,0,0.7441207567,12,-0.6058826679907527,-0.7441207567
10,4,16,2.025186307305116,2,1.974805926,19,-0.025186307305116173,0.025194074000000066
10,16,4,0.4833517812471335,1,0.705617949,8,0.5166482187528665,0.29438205100000003
11,17,18,1.4941172447709956,1,1.076111142,10,-0.4941172447709956,-0.07611114200000002
11,18,17,2.3249462092632935,2,2.3221233279,26,-0.32494620926329354,-0.3221233279
12,4,19,2.2522385501318403,2,2.2931596990000003,23,-0.25223855013184027,-0.2931596990000003
12,19,4,0.1725914393005743,0,0.19759524499999997,4,-0.1725914393005743,-0.19759524499999997
13,6,16,0.9242112670931247,1,0.8885438419999999,10,0.07578873290687527,0.11145615800000008
13,16,6,1.9961910027044292,2,1.933569429,21,0.0038089972955708262,0.06643057099999994
14,4,18,0.33606623075709785,2,0.325204139,5,1.6639337692429021,1.674795861
14,18,4,0.21405855367561663,0,0.2063916517,4,-0.21405855367561663,-0.2063916517
15,3,7,0.07823888985958154,0,0.288629175,6,-0.07823888985958154,-0.288629175
15,7,3,1.1850675059021067,1,0.922729946,13,-0.18506750590210674,0.07727005399999998
16,11,20,2.041904710747499,2,1.713953273,13,-0.0419047107474988,0.286046727
16,20,11,0.18478231644437437,0,0.143716575,5,-0.18478231644437437,-0.143716575
17,3,15,1.2286544437343467,1,1.2718271719999998,10,-0.22865444373434674,-0.27182717199999984
17,15,3,2.6265710970352534,6,2.284260007,15,3.3734289029647466,3.715739993
18,10,21,1.174421361682371,0,0.972806433,10,-1.174421361682371,-0.972806433
18,21,10,1.1046336587159402,3,1.020023461,8,1.8953663412840598,1.979976539
19,14,22,0.936685005551531,1,0.99145712,9,0.063314994448469,0.00854288000000003
19,22,14,0.8000078069265658,2,0.8492689636,12,1.199992193073434,1.1507310363999999
20,4,22,1.3880320154457038,2,1.080863272,8,0.6119679845542962,0.919136728
20,22,4,0.4379749510812627,0,0.4100536413,12,-0.4379749510812627,-0.4100536413
21,16,21,0.7530936145802098,2,0.8393620340000001,8,1.2469063854197902,1.160637966
21,21,16,0.590751393779835,0,0.785551477,14,-0.590751393779835,-0.785551477
22,14,16,1.2699256936078016,0,1.23036399,13,-1.2699256936078016,-1.23036399
22,16,14,2.075554665976356,2,2.002449116,14,-0.07555466597635618,-0.0024491160000001955
23,7,22,1.9398979538552474,1,1.8163305555,20,-0.9398979538552474,-0.8163305555
23,22,7,1.0844936108033552,1,0.632888804,9,-0.08449361080335516,0.367111196
24,14,23,0.5958488393365454,0,0.570374606,6,-0.5958488393365454,-0.570374606
24,23,14,0.8589116799669264,0,0.4949908599,12,-0.8589116799669264,-0.4949908599
25,22,24,0.7425900846950898,1,0.854397506,17,0.2574099153049102,0.14560249400000003
25,24,22,0.975406725656783,1,1.068976766,13,0.02459327434321701,-0.06897676600000002
26,7,13,3.17596856684296,3,2.477924097,17,-0.1759685668429598,0.5220759030000002
26,13,7,0.4192092139156935,1,0.3448272774,8,0.5807907860843065,0.6551727225999999
27,16,19,1.376407281943218,3,1.126374493,16,1.623592718056782,1.873625507
27,19,16,0.3925193563212218,0,0.810027124,11,-0.3925193563212218,-0.810027124
28,11,25,1.5439736253310237,3,1.481948115,11,1.4560263746689763,1.518051885
28,25,11,1.6819692351578341,1,1.652097544,18,-0.6819692351578341,-0.6520975440000001
29,12,15,1.1331967989140088,0,1.216681074,11,-1.1331967989140088,-1.216681074
29,15,12,0.5723719583244341,1,0.4302340056,14,0.4276280416755659,0.5697659944
30,23,26,0.5563762680959251,1,0.6395007165,7,0.4436237319040749,0.36049928350000005
30,26,23,0.9537724820921674,1,1.1469521137,11,0.04622751790783264,-0.14695211370000005
31,2,27,2.012813185462832,3,1.7380672830000001,15,0.9871868145371678,1.2619327169999999
31,27,2,1.9019203814372596,3,2.0703093487,13,1.0980796185627404,0.9296906513000001
32,24,28,0.45902613656598473,0,0.773533495,13,-0.45902613656598473,-0.773533495
32,28,24,0.7623818544812703,1,0.199368384,4,0.23761814551872973,0.800631616
33,14,29,1.2767413608287796,2,0.9911085500000001,10,0.7232586391712204,1.00889145
33,29,14,0.5931498188364459,0,0.642612082,10,-0.5931498188364459,-0.642612082
34,24,26,1.8210984150505007,2,1.249259581,12,0.17890158494949926,0.750740419
34,26,24,2.4345441125435174,0,1.984519421,25,-2.4345441125435174,-1.984519421
35,25,30,0.7451745905496797,1,0.6024987946,6,0.2548254094503203,0.3975012054
35,30,25,0.47876751011577995,0,0.611836012,6,-0.47876751011577995,-0.611836012
36,9,20,0.3789983167681721,1,0.37051129839999997,5,0.6210016832318279,0.6294887016
36,20,9,0.35496725741543955,0,0.30418895050000005,5,-0.35496725741543955,-0.30418895050000005
37,10,20,1.6616925629579957,3,0.9029646219999999,12,1.3383074370420043,2.097035378
37,20,10,0.7823264227212352,1,0.960086173,10,0.2176735772787648,0.03991382700000001
38,4,17,1.957248602314406,0,1.708133446,14,-1.957248602314406,-1.708133446
38,17,4,0.15075574916261356,2,0.153461642,3,1.8492442508373865,1.846538358
39,13,31,1.0842789787680673,2,1.367792815,21,0.9157210212319327,0.632207185
39,31,13,1.292148159815771,3,1.180535828,7,1.707851840184229,1.819464172
40,15,31,1.3873848511716078,2,1.313373393,10,0.6126151488283922,0.686626607
40,31,15,0.9882411035492962,2,0.7800233097,9,1.0117588964507038,1.2199766903
41,17,19,0.5261732550651329,0,1.188476484,16,-0.5261732550651329,-1.188476484
41,19,17,1.4159342395210204,2,1.734172485,9,0.5840657604789796,0.265827515
42,22,29,0.9151155060436713,0,0.695021896,11,-0.9151155060436713,-0.695021896
42,29,22,1.9883939927322078,0,2.3818400918,16,-1.9883939927322078,-2.3818400918
43,12,31,1.8672262028173685,2,1.6365584506000002,12,0.1327737971826315,0.36344154939999984
43,31,12,0.48912436188121816,0,0.609194141,8,-0.48912436188121816,-0.609194141
44,26,28,4.951138063750558,4,4.316106397,31,-0.951138063750558,-0.3161063970000004
44,28,26,0.7619898607895366,1,1.0347440669999999,7,0.23801013921046343,-0.03474406699999988
45,23,28,2.5347115056354204,6,1.978423473,16,3.4652884943645796,4.021576527
46,3,27,1.4028290933468983,1,1.426544536,7,-0.4028290933468983,-0.426544536
46,27,3,0.7199306847002791,0,0.6130733495,8,-0.7199306847002791,-0.6130733495
47,10,11,0.721317511233704,0,0.6914927065,15,-0.721317511233704,-0.6914927065
47,11,10,1.1542479309073341,2,1.1238838,10,0.8457520690926659,0.8761162
48,22,32,3.0794540234573224,4,2.6102110830000003,13,0.9205459765426776,1.3897889169999997
48,32,22,0.23778688528704037,1,0.286795181,8,0.7622131147129596,0.713204819
49,7,27,2.383485611959995,0,2.378218864,21,-2.383485611959995,-2.378218864
49,27,7,0.42859275320564805,1,0.38336075199999997,7,0.571407246794352,0.616639248
50,5,16,0.3619262736859506,1,0.32329253999999996,4,0.6380737263140495,0.67670746
50,16,5,3.441436715913295,4,3.170495788,23,0.5585632840867052,0.8295042119999998
51,25,33,1.295514332424636,1,1.169654601,12,-0.2955143324246361,-0.16965460099999996
51,33,25,0.5958618082228524,0,0.920789942,4,-0.5958618082228524,-0.920789942
52,14,22,0.2643848369697181,0,0.362638976,8,-0.2643848369697181,-0.362638976
52,22,14,0.20312451942776905,0,0.849860505,5,-0.20312451942776905,-0.849860505
53,14,32,0.45343777248243866,2,0.426403825,7,1.5465622275175614,1.573596175
53,32,14,1.2203344850771214,0,1.095618012,5,-1.2203344850771214,-1.095618012
54,8,16,0.3191440303798577,1,0.298346986,5,0.6808559696201423,0.701653014
54,16,8,0.4103445180315897,0,0.476989374,10,-0.4103445180315897,-0.476989374
55,9,11,1.3864082631778125,1,1.651054305,15,-0.3864082631778125,-0.6510543049999999
55,11,9,0.09200631714838915,1,0.104464025,2,0.9079936828516109,0.895535975
56,30,33,0.6666098992508179,0,0.615635191,10,-0.6666098992508179,-0.615635191
56,33,30,1.2918082182787336,2,1.4539579476,21,0.7081917817212664,0.5460420524
57,21,25,0.3515863484460645,0,0.460638346,8,-0.3515863484460645,-0.460638346
57,25,21,0.4967987993583257,0,0.514287002,10,-0.4967987993583257,-0.514287002
58,21,33,3.399420073691231,6,1.9871577450000002,13,2.600579926308769,4.012842255
58,33,21,0.868540367041683,1,0.6721585987,7,0.13145963295831697,0.32784140129999995
59,29,32,0.7541795743726396,1,0.670040854,9,0.2458204256273604,0.329959146
59,32,29,1.5917955801543362,0,1.762712336,21,-1.5917955801543362,-1.762712336
60,18,19,0.4892829677657339,0,0.5291349314,11,-0.4892829677657339,-0.5291349314
60,19,18,0.2635155558982686,0,0.354426228,5,-0.2635155558982686,-0.354426228
61,13,15,1.5159857673115313,2,1.3989824739999999,12,0.48401423268846866,0.6010175260000001
61,15,13,0.7920061220496937,1,0.973722266,13,0.20799387795030633,0.026277733999999997
62,21,30,3.2108461622042284,3,2.91548517,18,-0.21084616220422836,0.08451482999999982
62,30,21,0.12449653126193613,0,0.20800949800000001,7,-0.12449653126193613,-0.20800949800000001
63,23,24,0.5783388541782007,1,0.857712208,12,0.42166114582179925,0.14228779199999997
63,24,23,1.2484043110924132,2,1.157800672,6,0.7515956889075868,0.842199328
64,6,8,1.337420801240925,0,1.566558758,11,-1.337420801240925,-1.566558758
64,8,6,1.017433496276128,0,1.059935118,13,-1.017433496276128,-1.059935118
65,21,34,1.479119728121545,0,1.460789848,16,-1.479119728121545,-1.460789848
65,34,21,0.9085919719149472,1,0.8311502155,14,0.09140802808505277,0.1688497845
66,21,29,1.3309584904570375,0,1.2006863693,12,-1.3309584904570375,-1.2006863693
66,29,21,1.052749226274354,1,0.965334323,14,-0.05274922627435408,0.034665677000000006
67,3,35,0.3957168679874716,0,0.5329880485,16,-0.3957168679874716,-0.5329880485
67,35,3,1.3359950639137823,1,0.910595485,12,-0.3359950639137823,0.08940451500000002
68,15,33,0.6924728184723283,1,0.7389178248,14,0.30752718152767167,0.2610821752
68,33,15,0.60069526764204,0,0.793469604,8,-0.60069526764204,-0.793469604
69,14,15,1.4862022473313592,0,1.4551028735,17,-1.4862022473313592,-1.4551028735
69,15,14,0.8427824259426523,1,0.884986243,12,0.1572175740573477,0.11501375700000005
70,21,22,0.6220494000218396,1,0.5466641,11,0.3779505999781604,0.4533359
70,22,21,2.1962174446929033,2,2.1413194335,22,-0.19621744469290325,-0.1413194335000001
71,21,36,1.858040013131791,4,1.6013210310000001,9,2.1419599868682093,2.3986789689999997
71,36,21,0.8458227562529195,1,1.0800387518,8,0.15417724374708053,-0.08003875180000009
72,2,3,1.4003398987260642,1,1.153485278,12,-0.40033989872606424,-0.153485278
72,3,2,1.5925652402093466,2,1.5573086895,19,0.40743475979065336,0.4426913105000001
73,7,28,2.647453112948365,2,3.0963627985,23,-0.6474531129483649,-1.0963627985
73,28,7,0.2054109787529041,0,0.158693415,4,-0.2054109787529041,-0.158693415
74,12,37,1.658756245687763,1,1.940818593,16,-0.6587562456877629,-0.9408185929999999
74,37,12,0.38647194154974673,0,0.364488455,8,-0.38647194154974673,-0.364488455
75,13,18,0.6992968434773557,1,0.816422512,17,0.30070315652264434,0.18357748799999996
75,18,13,1.014139351501857,1,1.09431283,13,-0.014139351501857078,-0.09431283000000001
76,12,17,1.9963167539601292,1,1.806805807,14,-0.9963167539601292,-0.8068058069999999
76,17,12,0.36038377419742346,0,0.2734858323,8,-0.36038377419742346,-0.2734858323
77,29,36,1.7259301868656056,3,1.212055155,15,1.2740698131343944,1.787944845
77,36,29,0.6925728616511629,0,0.62535498,7,-0.6925728616511629,-0.62535498
78,19,34,0.8450962535746726,0,1.114197838,11,-0.8450962535746726,-1.114197838
78,34,19,1.494136360752554,3,1.3869427573,13,1.505863639247446,1.6130572427
79,16,38,1.7371219229917536,1,1.863386476,12,-0.7371219229917536,-0.8633864760000001
79,38,16,0.5478197079252202,0,0.625221235,12,-0.5478197079252202,-0.625221235
80,10,19,1.3307691142783544,1,1.428427444,7,-0.3307691142783544,-0.428427444
80,19,10,1.1951379324519866,1,1.0423233840000001,10,-0.19513793245198663,-0.04232338400000013
81,13,35,0.19782642920015608,0,0.414372021,5,-0.19782642920015608,-0.414372021
81,35,13,1.1020860942361244,0,1.231624456,15,-1.1020860942361244,-1.231624456
82,15,23,0.53524419137049,2,0.651095789,9,1.46475580862951,1.348904211
82,23,15,1.9337176620747158,3,1.6609466705,12,1.0662823379252842,1.3390533295
83,2,7,0.76129198117959,0,0.947791672,11,-0.76129198117959,-0.947791672
83,7,2,1.3461506344602563,2,1.420267842,15,0.6538493655397437,0.5797321580000001
84,26,35,0.8817735262997116,2,1.318084832,18,1.1182264737002883,0.681915168
84,35,26,0.9666367922936593,1,0.8151666949999999,7,0.033363207706340714,0.18483330500000006
85,8,21,0.1547643001711792,0,0.162153212,5,-0.1547643001711792,-0.162153212
85,21,8,2.249080077014442,2,2.626449745,18,-0.24908007701444213,-0.626449745
86,4,16,1.0498492850905778,3,1.446559447,12,1.9501507149094222,1.553440553
86,16,4,1.1289294566425778,3,0.854527032,8,1.8710705433574222,2.145472968
87,7,29,1.7198282536407747,1,2.6091956662,25,-0.7198282536407747,-1.6091956662000002
87,29,7,0.39468644794062113,1,0.40525613299999996,8,0.6053135520593789,0.594743867
88,6,22,0.8895791353619942,1,0.696494755,14,0.11042086463800582,0.303505245
88,22,6,1.2742940827688778,1,1.386735598,20,-0.2742940827688778,-0.386735598
89,39,40,1.354357040420008,2,1.312159326,17,0.645642959579992,0.687840674
89,40,39,0.7475836933570461,0,0.768661967,9,-0.7475836933570461,-0.768661967
90,22,39,0.5468711363183774,0,0.910966634,10,-0.5468711363183774,-0.910966634
90,39,22,0.6624601847302026,0,0.7623215977,13,-0.6624601847302026,-0.7623215977
91,18,26,0.8524136522524595,1,0.993288767,12,0.14758634774754054,0.006711232999999983
91,26,18,2.0606131402035874,0,2.2992588492,26,-2.0606131402035874,-2.2992588492
92,5,38,1.0855014382717367,0,1.655319275,16,-1.0855014382717367,-1.655319275
92,38,5,0.4203792800746066,2,0.3363750876,4,1.5796207199253933,1.6636249124
93,10,34,0.4156321512488736,0,0.359910063,7,-0.4156321512488736,-0.359910063
93,34,10,0.21950890365057085,1,0.28486186999999996,4,0.7804910963494291,0.71513813
94,8,36,2.9709344457400264,2,2.8524550040000003,15,-0.9709344457400264,-0.8524550040000003
94,36,8,0.6341331315933504,0,0.6907955865,9,-0.6341331315933504,-0.6907955865
95,3,28,1.0966077250056405,2,1.1964671297,13,0.9033922749943595,0.8035328703
95,28,3,0.7521330768313292,1,0.792712685,13,0.24786692316867076,0.20728731499999997
96,5,16,0.18181288028215525,0,0.196531062,4,-0.18181288028215525,-0.196531062
96,16,5,0.6511651635846697,0,0.778057064,11,-0.6511651635846697,-0.778057064
97,12,41,2.4942586087306515,2,2.4825809298,16,-0.4942586087306515,-0.4825809298000001
97,41,12,0.08201666932130953,0,0.180184531,3,-0.08201666932130953,-0.180184531
98,7,18,3.738247248899069,2,3.320421268,19,-1.7382472488990688,-1.320421268
98,18,7,0.5661537604411309,0,0.58279982,14,-0.5661537604411309,-0.58279982
99,5,6,0.5558348015589142,0,0.628691891,12,-0.5558348015589142,-0.628691891
99,6,5,0.7732306966880393,1,1.014444774,10,0.22676930331196066,-0.014444773999999994
100,2,28,1.84121589184693,1,1.992569004,12,-0.8412158918469299,-0.9925690039999999
100,28,2,0.38521781327637783,0,0.5960217237000001,10,-0.38521781327637783,-0.5960217237000001
101,24,29,0.9434197372807832,2,0.6937694522,12,1.056580262719217,1.3062305478
101,29,24,3.0153402935003726,3,2.9178317195,28,-0.015340293500372582,0.08216828049999991
102,4,22,0.8249381214018345,0,1.218057943,10,-0.8249381214018345,-1.218057943
102,22,4,1.865935436857319,3,1.831710052,14,1.134064563142681,1.168289948
103,12,16,0.7707149945795876,0,0.693195278,10,-0.7707149945795876,-0.693195278
103,16,12,0.57602723591481,2,0.5387829577000001,11,1.42397276408519,1.4612170423
104,16,22,0.571362269643163,2,0.314463608,7,1.428637730356837,1.685536392
104,22,16,1.6110678770380413,2,1.4802876897,15,0.38893212296195867,0.5197123103000001
105,22,40,0.8160157453942755,2,0.673928797,13,1.1839842546057247,1.3260712030000001
105,40,22,1.1649198405657304,0,1.3491869015,16,-1.1649198405657304,-1.3491869015
106,4,40,1.403173765699508,1,1.2970182487,27,-0.403173765699508,-0.29701824869999993
106,40,4,1.1531080883500553,1,1.0321244945,9,-0.1531080883500553,-0.0321244945000001
107,23,41,1.682805032866984,0,1.4411031539999999,24,-1.682805032866984,-1.4411031539999999
107,41,23,0.15555231850392512,0,0.622926809,7,-0.15555231850392512,-0.622926809
108,8,29,1.0518009290272354,2,1.1881780826,17,0.9481990709727646,0.8118219174000001
108,29,8,4.828958665659339,4,4.552922205,22,-0.8289586656593393,-0.5529222049999998
109,6,38,0.9007756805235454,1,1.1215676380000001,11,0.0992243194764546,-0.12156763800000014
109,38,6,1.1235397292505327,0,1.142878192,16,-1.1235397292505327,-1.142878192
110,14,23,1.0490299883269343,2,1.071760675,8,0.9509700116730657,0.9282393250000001
110,23,14,2.174055068734658,2,2.6044931,18,-0.17405506873465804,-0.6044931
111,3,7,0.7260334045509699,1,0.4721066513,7,0.2739665954490301,0.5278933486999999
111,7,3,2.1700331851141716,1,1.882850749,21,-1.1700331851141716,-0.8828507489999999
112,4,39,0.8551326196985444,2,0.850559859,8,1.1448673803014557,1.149440141
112,39,4,0.522737424329064,0,0.521845181,8,-0.522737424329064,-0.521845181
113,12,15,0.5793273645192542,2,0.476007941,7,1.420672635480746,1.523992059
113,15,12,0.9474328480893369,1,1.0208288981,21,0.05256715191066308,-0.020828898099999993
114,19,24,0.9645936510004532,1,1.040714051,11,0.035406348999546755,-0.04071405099999992
114,24,19,0.7582229260362052,0,0.8823760785,11,-0.7582229260362052,-0.8823760785
115,14,33,1.2523504691560323,0,1.0591950265,14,-1.2523504691560323,-1.0591950265
115,33,14,0.7033933236345788,0,0.6975558777,8,-0.7033933236345788,-0.6975558777
116,23,33,2.3968639280391217,1,2.1969543835,18,-1.3968639280391217,-1.1969543835
116,33,23,0.4176042359875396,0,0.426459236,6,-0.4176042359875396,-0.426459236
117,17,41,0.26168438012630724,0,0.24880649999999999,6,-0.26168438012630724,-0.24880649999999999
117,41,17,1.4861256473585462,5,1.281600942,14,3.5138743526414538,3.718399058
118,18,35,1.7395301180494036,0,1.6107035277,22,-1.7395301180494036,-1.6107035277
118,35,18,2.014810134177926,1,2.006986815,14,-1.0148101341779259,-1.0069868149999999
119,21,35,0.6336041705399869,2,0.75823599,12,1.3663958294600131,1.24176401
119,35,21,0.6161901860436831,0,0.834186639,8,-0.6161901860436831,-0.834186639
120,13,26,1.9201299637323586,2,1.774630282,12,0.07987003626764144,0.22536971800000005
120,26,13,2.5305161329284602,0,2.708915636,29,-2.5305161329284602,-2.708915636
121,24,34,1.4360785548886363,1,1.53717396,13,-0.43607855488863634,-0.5371739600000001
121,34,24,0.6528338637587869,1,0.806256029,10,0.34716613624121306,0.19374397099999996
122,16,29,1.6000464884304328,1,1.681686764,19,-0.6000464884304328,-0.681686764
122,29,16,0.5761016878416296,0,0.566868294,9,-0.5761016878416296,-0.566868294
123,21,29,1.1252601491950032,0,1.335356625,15,-1.1252601491950032,-1.335356625
123,29,21,1.1619792934318576,2,1.32065846,11,0.8380207065681424,0.67934154
124,37,41,0.6754909184040194,0,0.914018253,14,-0.6754909184040194,-0.914018253
124,41,37,0.798643186804034,2,0.981150797,12,1.201356813195966,1.018849203
125,22,41,1.494850897471886,2,1.647818296,18,0.5051491025281141,0.35218170399999993
125,41,22,1.1224392911376013,2,1.070939122,13,0.8775607088623987,0.929060878
126,6,16,0.23219342649743344,0,0.13895808480000002,5,-0.23219342649743344,-0.13895808480000002
126,16,6,0.4331382977518356,0,0.418140495,11,-0.4331382977518356,-0.418140495
127,10,24,2.2882431828137797,2,1.878264293,15,-0.2882431828137797,0.12173570700000003
127,24,10,1.1278446879911113,2,1.012543586,7,0.8721553120088887,0.987456414
128,17,37,0.8770122234251956,1,0.978815476,19,0.12298777657480442,0.021184524000000038
128,37,17,0.9691604949408795,1,0.92372594,8,0.030839505059120476,0.07627406000000003
129,11,21,0.3589005602244044,1,0.412172209,7,0.6410994397755956,0.587827791
129,21,11,0.4683654954247165,1,0.469776541,8,0.5316345045752835,0.530223459
130,21,23,1.0483419551242905,1,0.726377697,9,-0.048341955124290514,0.273622303
130,23,21,1.6348583930209613,2,1.791713124,16,0.36514160697903875,0.20828687600000007
131,16,23,0.6554694818325939,1,0.850764694,9,0.3445305181674061,0.149235306
131,23,16,0.4021688622550857,2,0.431201114,6,1.5978311377449144,1.568798886
132,11,42,0.6648446126577375,1,0.718929115,11,0.33515538734226247,0.281070885
132,42,11,0.8933872886838032,1,1.182432874,15,0.10661271131619676,-0.18243287400000008
133,15,16,1.2575203747092718,0,1.408798661,15,-1.2575203747092718,-1.408798661
133,16,15,0.7875948044820678,0,1.067405566,20,-0.7875948044820678,-1.067405566
134,11,43,1.4386332599126719,2,1.510208619,11,0.5613667400873281,0.4897913810000001
134,43,11,1.6628982629387676,2,1.0578987149999999,9,0.33710173706123236,0.9421012850000001
135,6,21,0.5605789455717347,1,0.7333294029999999,16,0.4394210544282653,0.26667059700000006
135,21,6,1.3146220652194855,1,1.172705295,12,-0.31462206521948555,-0.1727052950000001
136,3,21,1.425345183718825,1,1.201406499,12,-0.4253451837188249,-0.20140649899999996
136,21,3,0.35626170716991545,1,0.537041235,13,0.6437382928300845,0.462958765
137,23,26,1.510201181888893,2,1.534054224,19,0.48979881811110704,0.4659457760000001
137,26,23,1.3291137294255877,1,1.629074586,23,-0.3291137294255877,-0.629074586
138,29,44,0.5924286891444133,0,0.633984568,12,-0.5924286891444133,-0.633984568
138,44,29,0.6499436466001256,0,0.7091700303,14,-0.6499436466001256,-0.7091700303
139,42,45,0.9622701742025059,2,1.2175436875,18,1.037729825797494,0.7824563124999999
139,45,42,0.851227703664652,1,1.4103225654,12,0.14877229633534805,-0.4103225654
140,42,43,0.9392442112983673,2,0.8825083735,6,1.0607557887016328,1.1174916265000001
140,43,42,2.4597363615516232,1,2.487898208,21,-1.4597363615516232,-1.4878982079999998
141,11,46,2.436278555726133,3,2.6262365,24,0.5637214442738672,0.3737634999999999
141,46,11,0.4258905871865391,0,0.267701091,5,-0.4258905871865391,-0.267701091
142,15,47,0.9708238124982249,0,0.937676876,19,-0.9708238124982249,-0.937676876
142,47,15,0.526544024780781,0,0.715536338,10,-0.526544024780781,-0.715536338
143,16,29,1.1225345132632594,0,1.262011896,19,-1.1225345132632594,-1.262011896
143,29,16,0.13405132601392666,0,0.36321392599999996,5,-0.13405132601392666,-0.36321392599999996
144,23,48,2.646003293364197,4,2.764726376,35,1.3539967066358032,1.235273624
144,48,23,0.07509373014911533,0,0.113077642,4,-0.07509373014911533,-0.113077642
145,21,49,1.2324607851316467,2,1.586740501,16,0.7675392148683533,0.41325949900000003
145,49,21,1.706630923667688,1,1.547847124,13,-0.706630923667688,-0.547847124
146,2,6,0.33970102266875224,0,0.324442442,5,-0.33970102266875224,-0.324442442
146,6,2,0.654672488381616,0,0.551532424,10,-0.654672488381616,-0.551532424
147,23,50,1.462849322197764,1,0.951712625,16,-0.4628493221977641,0.04828737500000002
147,50,23,0.4671835926770982,0,0.50315428,10,-0.4671835926770982,-0.50315428
148,6,26,1.0288960575820272,0,1.073495348,10,-1.0288960575820272,-1.073495348
148,26,6,1.5368805811994823,1,1.4431212784,14,-0.5368805811994823,-0.44312127840000004
149,3,51,1.552862983557628,2,0.782356756,16,0.447137016442372,1.217643244
149,51,3,1.0246132251353786,0,0.725657915,11,-1.0246132251353786,-0.725657915
150,52,53,0.034530559535871405,0,0.18353525399999998,4,-0.034530559535871405,-0.18353525399999998
150,53,52,1.2196613032133892,1,1.001013093,14,-0.21966130321338917,-0.001013093000000076
151,11,16,0.7568250241183532,0,0.738183302,9,-0.7568250241183532,-0.738183302
151,16,11,1.1123608680882107,0,1.2184023685,15,-1.1123608680882107,-1.2184023685
152,23,51,1.5409588903135596,0,1.5338804222,20,-1.5409588903135596,-1.5338804222
152,51,23,0.18166645669636144,0,0.143399362,4,-0.18166645669636144,-0.143399362
153,22,50,1.5092134486551154,1,1.858599932,21,-0.5092134486551154,-0.858599932
153,50,22,1.2604159487238802,2,1.325860005,14,0.7395840512761198,0.674139995
154,26,53,1.934334521597466,2,1.4836928440000001,19,0.0656654784025339,0.5163071559999999
154,53,26,1.0457424393530714,0,1.228033313,11,-1.0457424393530714,-1.228033313
155,16,43,1.4945547445586624,0,1.904531775,14,-1.4945547445586624,-1.904531775
155,43,16,0.9800543019530304,0,0.748317325,5,-0.9800543019530304,-0.748317325
156,29,49,1.384584027578955,0,1.7351122110000001,16,-1.384584027578955,-1.7351122110000001
156,49,29,0.8645866484425714,1,0.6871612934,10,0.13541335155742862,0.3128387066
157,50,51,0.5227188176230698,1,0.354596554,8,0.4772811823769302,0.645403446
157,51,50,1.3749363224232882,2,1.449796653,17,0.6250636775767118,0.5502033470000001
158,11,19,1.6961252651849084,2,1.312755115,21,0.30387473481509164,0.6872448849999999
158,19,11,0.8089866439392207,1,0.9091575623,12,0.1910133560607793,0.0908424377
159,44,49,1.5611495402768392,2,1.7316552805,13,0.43885045972316084,0.26834471949999994
159,49,44,0.9428606849143812,1,0.7461385425,14,0.05713931508561876,0.2538614575
160,45,48,2.449068538864002,1,2.8654523907,27,-1.4490685388640019,-1.8654523906999998
160,48,45,0.40863437141465025,0,0.39642264800000004,4,-0.40863437141465025,-0.39642264800000004
161,42,48,1.9486790186091825,3,2.4031512067,22,1.0513209813908175,0.5968487933
161,48,42,1.4940263424959934,1,1.57856751,14,-0.4940263424959934,-0.5785675100000001
162,19,43,1.4815914091011295,1,1.436885667,15,-0.4815914091011295,-0.4368856670000001
162,43,19,0.9420518207795445,2,1.038198256,14,1.0579481792204555,0.961801744
163,15,48,2.2032721690425365,0,2.356130787,22,-2.2032721690425365,-2.356130787
163,48,15,0.837018746230007,1,0.561993071,6,0.16298125376999295,0.43800692900000004
164,16,19,0.8601787619794592,0,1.1079679426,18,-0.8601787619794592,-1.1079679426
164,19,16,0.365296303432543,0,0.39559407,9,-0.365296303432543,-0.39559407
165,44,46,0.5205424028129109,0,0.543475964,13,-0.5205424028129109,-0.543475964
165,46,44,1.2537154009809293,3,1.1210513,10,1.7462845990190707,1.8789487
166,46,49,0.4224636508199578,0,0.338438083,8,-0.4224636508199578,-0.338438083
166,49,46,1.102829597417622,1,0.844742841,13,-0.1028295974176221,0.15525715900000003
167,21,47,0.6983821404733781,0,0.7562220009999999,12,-0.6983821404733781,-0.7562220009999999
167,47,21,0.1502889205511372,0,0.164917273,4,-0.1502889205511372,-0.164917273
168,22,51,0.72892391380395,1,0.699735055,5,0.27107608619604995,0.300264945
168,51,22,0.6716646247342801,1,0.985394353,13,0.3283353752657199,0.014605647
169,3,26,0.33269334770155157,1,0.28008559899999996,4,0.6673066522984484,0.719914401
169,26,3,1.1960340791261115,1,1.541678225,18,-0.19603407912611148,-0.5416782250000001
170,29,46,1.6089502063516379,2,1.645816926,20,0.3910497936483621,0.35418307400000004
170,46,29,1.0659493217983973,0,1.246037035,14,-1.0659493217983973,-1.246037035
171,15,42,1.8094061858295039,2,1.901227116,12,0.19059381417049615,0.09877288399999995
171,42,15,0.8753444403377845,0,0.7789868169999999,11,-0.8753444403377845,-0.7789868169999999
172,2,47,1.20678989007464,1,1.46133078,15,-0.2067898900746401,-0.46133077999999994
172,47,2,1.1528573126065174,1,1.552166038,12,-0.15285731260651736,-0.552166038
173,3,52,1.022262676055608,1,0.990153617,11,-0.022262676055607944,0.009846382999999959
173,52,3,0.7680565093833198,1,0.771882568,12,0.23194349061668018,0.228117432
174,15,45,1.8684038854878646,1,1.8375108777000002,19,-0.8684038854878646,-0.8375108777000002
174,45,15,0.25952260835184543,1,0.314766696,5,0.7404773916481546,0.685233304
175,2,21,0.18977112955646816,0,0.249405245,6,-0.18977112955646816,-0.249405245
175,21,2,0.6382009178135056,1,0.558814127,5,0.36179908218649437,0.441185873
176,6,47,1.553700849410135,1,1.511239423,16,-0.553700849410135,-0.5112394229999999
176,47,6,1.2478206093420958,1,0.9663907513,11,-0.24782060934209582,0.03360924870000004
177,22,23,2.0186855268705717,0,1.69859888,15,-2.0186855268705717,-1.69859888
177,23,22,1.6746492303570601,3,1.567182589,11,1.3253507696429399,1.432817411
178,3,53,1.844198179495745,3,2.0957691709999997,15,1.155801820504255,0.9042308290000003
178,53,3,1.107832761007325,1,1.102845594,6,-0.10783276100732508,-0.10284559399999993
179,26,52,1.6465811446453764,4,1.061133914,19,2.3534188553546236,2.938866086
179,52,26,0.05977600312733654,0,0.060525935,1,-0.05977600312733654,-0.060525935
180,3,23,0.6125444042432386,1,0.8237571379999999,8,0.38745559575676136,0.17624286200000006
180,23,3,2.3899512471736175,0,3.010569084,29,-2.3899512471736175,-3.010569084
181,6,41,2.545382791583765,4,2.3303648025,16,1.4546172084162352,1.6696351975
181,41,6,0.3760519094701086,0,0.30745004800000003,5,-0.3760519094701086,-0.30745004800000003
182,30,51,0.20518771868044758,0,0.240742905,3,-0.20518771868044758,-0.240742905
182,51,30,1.420086541025711,1,1.6691235115,23,-0.4200865410257111,-0.6691235115
183,23,51,1.3012908904100706,1,1.40213009,16,-0.3012908904100706,-0.40213009
183,51,23,0.7221947369502247,1,0.398150622,7,0.27780526304977526,0.601849378
184,35,49,0.45169513799641986,0,0.800475065,12,-0.45169513799641986,-0.800475065
184,49,35,0.4077475921673683,0,0.553247628,10,-0.4077475921673683,-0.553247628
185,15,26,1.8660969826971767,2,1.9357408963,7,0.13390301730282328,0.06425910369999999
185,26,15,2.255129200144812,2,2.130545187,13,-0.255129200144812,-0.13054518700000006
186,15,16,0.494516475791237,0,0.475418162,8,-0.494516475791237,-0.475418162
186,16,15,1.0912012575093692,1,0.723117944,10,-0.09120125750936925,0.27688205600000004
187,30,42,2.1382260305580383,2,2.090455951,15,-0.13822603055803828,-0.09045595100000003
187,42,30,0.8980527765384395,0,1.310312803,18,-0.8980527765384395,-1.310312803
188,3,51,0.348013511715965,0,0.3338159763,6,-0.348013511715965,-0.3338159763
188,51,3,1.8771427030863297,3,1.705836299,13,1.1228572969136703,1.294163701
189,19,23,0.46778537399363757,1,0.552257631,5,0.5322146260063625,0.447742369
189,23,19,2.169713432961681,1,1.8313732605,11,-1.169713432961681,-0.8313732604999999
190,22,45,0.9255129684353776,1,0.9901717569999999,11,0.07448703156462244,0.00982824300000007
190,45,22,0.9034680045061146,0,1.1291325380000001,10,-0.9034680045061146,-1.1291325380000001
191,43,54,1.6431842299241943,3,1.441362828,10,1.3568157700758057,1.558637172
191,54,43,0.8822894872381185,1,0.839890515,7,0.11771051276188149,0.160109485
192,42,51,0.09118212934069549,0,0.151005756,3,-0.09118212934069549,-0.151005756
192,51,42,1.8671202589658797,2,1.590934893,24,0.13287974103412026,0.409065107
193,6,45,1.209447479865758,2,1.211987915,11,0.790552520134242,0.7880120850000001
193,45,6,1.079820974656187,1,1.161677115,16,-0.0798209746561871,-0.16167711500000004
194,21,44,1.498355121828059,4,1.215532939,10,2.501644878171941,2.784467061
194,44,21,0.31304433879961063,0,0.337611863,7,-0.31304433879961063,-0.337611863
195,11,54,3.0625866391878307,3,3.219898946,17,-0.0625866391878307,-0.21989894599999982
195,54,11,0.6317046760278275,0,0.7442149952,13,-0.6317046760278275,-0.7442149952
196,21,51,0.36926056619751246,1,0.42621096300000005,6,0.6307394338024875,0.573789037
196,51,21,2.0322390498096996,1,2.0818646045,19,-1.0322390498096996,-1.0818646045000002
197,21,26,1.2696905250516282,2,1.163511151,5,0.7303094749483718,0.836488849
197,26,21,1.0618650985363736,0,1.058547575,9,-1.0618650985363736,-1.058547575
198,35,44,1.4008663248086302,1,0.9119222929999999,13,-0.40086632480863016,0.08807770700000006
198,44,35,1.3540616269385277,2,1.344288255,15,0.6459383730614723,0.6557117450000001
199,22,23,2.5062998350455636,2,2.788224417,11,-0.5062998350455636,-0.7882244169999999
199,23,22,2.971442167066032,5,2.780002721,24,2.028557832933968,2.219997279
200,15,29,0.9957936120649579,0,1.2147520605,23,-0.9957936120649579,-1.2147520605
200,29,15,0.2281209580066709,1,0.224335605,6,0.7718790419933291,0.775664395
201,43,51,0.8424352475072876,1,1.038545864,16,0.1575647524927124,-0.03854586400000004
201,51,43,1.35734518941345,2,1.517068981,26,0.6426548105865499,0.482931019
202,26,53,2.954791350596311,2,2.097695337,18,-0.9547913505963108,-0.09769533700000022
202,53,26,0.9925032809155879,2,0.7371347775,9,1.0074967190844122,1.2628652224999999
203,22,52,1.2345760289129815,3,0.781477187,11,1.7654239710870185,2.218522813
203,52,22,1.0025427249567982,1,1.111449129,11,-0.0025427249567981924,-0.11144912899999992
204,21,45,0.7612836967381146,1,0.642329757,6,0.23871630326188542,0.35767024300000005
204,45,21,0.32916201747643936,0,0.393042279,7,-0.32916201747643936,-0.393042279
205,29,55,1.2814871699710921,1,1.140447022,17,-0.28148716997109213,-0.14044702200000003
205,55,29,0.1315772490584662,0,0.240216078,7,-0.1315772490584662,-0.240216078
206,43,44,1.203967352822496,1,1.493506239,18,-0.2039673528224959,-0.493506239
206,44,43,0.16307556369991966,0,0.4102860215,5,-0.16307556369991966,-0.4102860215
207,41,55,1.2779117399195663,1,1.25900864,14,-0.2779117399195663,-0.25900864
207,55,41,0.41316429715986563,0,0.96505324,11,-0.41316429715986563,-0.96505324
208,3,42,2.03115842590687,3,1.983954377,23,0.9688415740931302,1.016045623
208,42,3,1.38869944734497,1,1.244844563,20,-0.3886994473449701,-0.24484456300000002
209,16,53,1.7763862145423028,1,1.6900278829,17,-0.7763862145423028,-0.6900278829
209,53,16,0.4439420820299147,1,0.47349309650000004,5,0.5560579179700853,0.5265069035
210,21,52,0.7258151765065914,0,0.853936647,9,-0.7258151765065914,-0.853936647
210,52,21,0.6300786335782579,0,0.735449749,11,-0.6300786335782579,-0.735449749
211,44,54,2.091269145501767,2,2.457017477,16,-0.09126914550176712,-0.45701747699999995
211,54,44,1.337646408274375,1,1.2011738296999999,12,-0.3376464082743751,-0.20117382969999986
212,6,29,1.2912868857397204,1,1.623030179,21,-0.2912868857397204,-0.6230301789999999
212,29,6,1.1455029196993218,2,1.051880688,6,0.8544970803006782,0.948119312
213,21,22,0.854348752037955,1,0.706855833,8,0.14565124796204498,0.293144167
213,22,21,0.39869019889891644,0,0.3400918204,8,-0.39869019889891644,-0.3400918204
214,29,51,0.8983372793542486,0,1.019303226,9,-0.8983372793542486,-1.019303226
214,51,29,1.081377402504678,2,1.142568683,14,0.9186225974953219,0.8574313170000001
215,6,21,0.2828135757251932,1,0.37552856700000004,6,0.7171864242748067,0.624471433
215,21,6,2.130454589187502,1,2.266696702,20,-1.1304545891875022,-1.266696702
216,6,30,2.9813740599001504,4,2.155292811,16,1.0186259400998496,1.8447071890000002
216,30,6,0.4930811641250098,0,0.598430745,11,-0.4930811641250098,-0.598430745
217,11,44,1.4801463107490689,3,1.429754443,15,1.5198536892509311,1.570245557
217,44,11,0.470933220997258,2,0.593684024,7,1.5290667790027421,1.4063159760000001
218,3,16,0.9721499517826225,3,1.0705444445,12,2.0278500482173776,1.9294555555
218,16,3,3.193616072497759,3,2.6458896124,26,-0.19361607249775892,0.3541103876
219,11,45,0.643826482860215,0,0.838034224,6,-0.643826482860215,-0.838034224
219,45,11,0.8690580882367439,2,1.273121118,12,1.130941911763256,0.7268788820000001
220,11,43,2.141139919466749,1,2.554035297,13,-1.1411399194667489,-1.554035297
220,43,11,0.4257280400833671,0,0.398053917,9,-0.4257280400833671,-0.398053917
221,19,49,1.4379900276656976,1,1.388840045,18,-0.4379900276656976,-0.388840045
221,49,19,0.33370651945450575,1,0.35378829,11,0.6662934805454943,0.64621171
222,23,35,1.6253939685830043,0,1.927611594,17,-1.6253939685830043,-1.927611594
222,35,23,0.7664716907058986,0,0.815837758,4,-0.7664716907058986,-0.815837758
223,45,52,0.7070064329102127,2,0.8108252389999999,10,1.2929935670897872,1.189174761
223,52,45,1.1524960126403583,0,1.732694706,19,-1.1524960126403583,-1.732694706
224,16,26,0.41998482405135773,0,0.446023905,4,-0.41998482405135773,-0.446023905
224,26,16,0.7953638813007002,0,0.825419428,10,-0.7953638813007002,-0.825419428
225,15,53,2.5713354360739586,2,1.897533704,10,-0.5713354360739586,0.10246629600000001
225,53,15,0.23822234306216522,0,0.1976213317,5,-0.23822234306216522,-0.1976213317
226,6,55,1.0360867841685089,0,1.169080377,21,-1.0360867841685089,-1.169080377
226,55,6,0.261825972115501,1,0.2884817,1,0.738174027884499,0.7115183
227,23,49,2.8970872995898116,3,2.4395936639999998,18,0.1029127004101884,0.5604063360000002
227,49,23,0.07099426088592596,0,0.093042789,3,-0.07099426088592596,-0.093042789
228,19,35,1.6542993933639292,2,1.660805085,18,0.34570060663607083,0.339194915
228,35,19,0.9892423126473842,3,1.0417911869999998,11,2.0107576873526156,1.9582088130000002
229,29,41,1.5000642654792462,3,1.393354907,9,1.4999357345207538,1.606645093
229,41,29,0.24962061789678427,0,0.257274859,5,-0.24962061789678427,-0.257274859
230,3,30,1.261779626746759,1,1.559877515,18,-0.2617796267467589,-0.5598775149999999
230,30,3,0.36757941468651667,1,0.575944251,9,0.6324205853134833,0.424055749
231,56,57,2.403847438631092,0,2.039370534,16,-2.403847438631092,-2.039370534
231,57,56,1.0029693297587965,0,0.936502557,10,-1.0029693297587965,-0.936502557
232,58,59,1.4331337573734706,1,1.4764541943,9,-0.4331337573734706,-0.4764541943
232,59,58,0.37819382677214963,0,0.670350703,10,-0.37819382677214963,-0.670350703
233,60,61,1.1854928128259605,1,1.085260928,8,-0.18549281282596053,-0.08526092800000007
233,61,60,0.6548735564338202,1,0.38022784800000003,10,0.34512644356617983,0.6197721519999999
234,57,62,1.257221175536381,1,1.429666863,16,-0.2572211755363809,-0.429666863
234,62,57,1.0523348096037906,2,0.890678305,11,0.9476651903962094,1.109321695
235,63,64,1.4836797977087812,1,1.142375225,15,-0.4836797977087812,-0.1423752250000001
235,64,63,0.9281424656085705,1,0.920268405,10,0.0718575343914295,0.07973159500000004
236,61,65,0.15066081752534632,0,0.301121908,6,-0.15066081752534632,-0.301121908
236,65,61,3.3453893751205643,3,2.922745433,17,-0.34538937512056433,0.07725456700000022
237,58,66,1.0033805524891997,1,1.608316938,13,-0.003380552489199662,-0.608316938
237,66,58,0.8934274354968159,1,0.5253348335,7,0.10657256450318409,0.4746651665
238,57,67,0.24028965721342188,0,0.25445065,2,-0.24028965721342188,-0.25445065
238,67,57,1.9414194841200196,3,1.5332255784,18,1.0585805158799804,1.4667744216
239,56,68,0.8600661457870107,0,0.88816437,12,-0.8600661457870107,-0.88816437
239,68,56,1.368187331623347,0,1.6955960015,20,-1.368187331623347,-1.6955960015
240,62,63,0.7403154805286538,0,0.5921424275,9,-0.7403154805286538,-0.5921424275
240,63,62,2.975555369154367,0,2.66542692,20,-2.975555369154367,-2.66542692
241,56,69,1.7576467390862418,1,1.998585904,14,-0.7576467390862418,-0.998585904
241,69,56,0.3883461152814887,0,0.6380323042,9,-0.3883461152814887,-0.6380323042
242,59,63,1.7171985195676494,2,1.055728661,19,0.28280148043235065,0.9442713389999999
242,63,59,1.5937305184338397,2,1.1187673422,14,0.4062694815661603,0.8812326578
243,58,69,0.4186134600724179,0,0.458485052,10,-0.4186134600724179,-0.458485052
243,69,58,0.7272730168040307,1,0.697672533,7,0.27272698319596933,0.302327467
244,61,67,1.032451051500466,0,1.1835343155,12,-1.032451051500466,-1.1835343155
244,67,61,1.9967882539353592,2,2.131559391,18,0.003211746064640808,-0.13155939100000014
245,66,70,2.191245167732163,1,2.4303121234000002,28,-1.1912451677321632,-1.4303121234000002
245,70,66,0.8730850600926434,1,0.7353494558,13,0.12691493990735658,0.2646505442
246,59,66,0.5466790278690127,0,0.535956585,8,-0.5466790278690127,-0.535956585
246,66,59,2.1295004842660945,1,1.7905645046999998,17,-1.1295004842660945,-0.7905645046999998
247,71,72,1.1516260763715807,2,1.075231223,13,0.8483739236284193,0.9247687769999999
247,72,71,1.036070588693729,0,1.2773736449,10,-1.036070588693729,-1.2773736449
248,64,71,1.064751795935595,2,0.975737208,13,0.935248204064405,1.024262792
248,71,64,0.3321464147761779,0,0.4492997149,11,-0.3321464147761779,-0.4492997149
249,68,71,0.5837596811217818,0,0.4798927317,11,-0.5837596811217818,-0.4798927317
249,71,68,1.876970638025256,2,1.5285599140000001,8,0.12302936197474401,0.47144008599999987
250,70,71,0.9199066750492771,0,0.853297224,18,-0.9199066750492771,-0.853297224
250,71,70,0.8330147102694873,1,0.746911607,8,0.16698528973051274,0.25308839299999997
251,57,71,1.1482416913076778,1,1.053380075,11,-0.14824169130767784,-0.05338007499999997
251,71,57,1.2235693704649797,2,1.084232396,8,0.7764306295350203,0.915767604
252,56,71,0.6945594002530523,1,0.827506447,11,0.3054405997469477,0.17249355300000002
252,71,56,1.5615761768206036,2,1.3240587635,10,0.43842382317939643,0.6759412364999999
253,72,73,2.03546864680799,0,1.9252535394999999,21,-2.03546864680799,-1.9252535394999999
253,73,72,0.7652923757391666,0,0.625474474,9,-0.7652923757391666,-0.625474474
254,58,66,0.4460720036080692,2,0.479826484,4,1.5539279963919308,1.520173516
254,66,58,2.604957067593299,2,2.3245147,28,-0.6049570675932991,-0.32451469999999993
255,57,64,0.5684587056505664,1,0.597779411,10,0.43154129434943356,0.402220589
255,64,57,1.2881861795985017,1,1.167110321,11,-0.2881861795985017,-0.167110321
256,59,63,1.5573570968991044,1,1.6724883995,12,-0.5573570968991044,-0.6724883995
256,63,59,0.8338509564482408,0,0.691144955,20,-0.8338509564482408,-0.691144955
257,57,74,1.6920031614066533,2,1.7908834997,17,0.3079968385933467,0.20911650029999995
257,74,57,1.2192600676657495,1,1.3628227910000001,11,-0.21926006766574946,-0.36282279100000014
258,74,75,0.4279427711775203,0,0.537773982,10,-0.4279427711775203,-0.537773982
258,75,74,1.4736153404279624,2,1.407768269,16,0.5263846595720376,0.592231731
259,60,62,1.4272420863336275,0,1.221292012,10,-1.4272420863336275,-1.221292012
259,62,60,1.4261230494666766,1,1.806267889,20,-0.42612304946667656,-0.8062678889999999
260,59,69,0.3993122261249034,1,0.387412242,7,0.6006877738750966,0.612587758
260,69,59,1.1295737791865454,3,1.229675192,18,1.8704262208134546,1.770324808
261,65,74,2.0279981570091716,3,1.647394006,13,0.9720018429908284,1.352605994
261,74,65,0.3149053709743363,0,0.33003109399999997,7,-0.3149053709743363,-0.33003109399999997
262,68,72,0.16699796682435641,0,0.3240815034,6,-0.16699796682435641,-0.3240815034
262,72,68,0.3862188979835424,0,0.344773899,6,-0.3862188979835424,-0.344773899
263,65,69,1.2028458851374526,1,1.557441055,12,-0.2028458851374526,-0.557441055
263,69,65,1.2245655064312457,1,1.0651637330000001,7,-0.22456550643124573,-0.06516373300000011
264,60,70,0.7567574402282786,2,0.876113295,11,1.2432425597717214,1.1238867049999999
264,70,60,1.151089173128296,2,1.2854139026,17,0.848910826871704,0.7145860974
265,58,71,1.2024097314297846,1,0.9523900966,16,-0.20240973142978458,0.04760990340000004
265,71,58,0.35001003796447355,0,0.6553867645,13,-0.35001003796447355,-0.6553867645
266,59,72,0.6752624333172998,0,0.48601443099999997,8,-0.6752624333172998,-0.48601443099999997
266,72,59,2.34992885997588,3,2.344005837,12,0.6500711400241199,0.6559941629999999
267,61,67,0.8906341066225612,1,0.460883502,13,0.10936589337743885,0.539116498
267,67,61,1.0533551030612793,3,1.080982806,16,1.9466448969387207,1.919017194
268,70,75,0.3967319817523333,1,0.4319053367,11,0.6032680182476666,0.5680946633
268,75,70,1.5367507985560223,3,1.6702326825,14,1.4632492014439777,1.3297673175
269,64,65,0.39573838208306095,0,0.511569575,9,-0.39573838208306095,-0.511569575
269,65,64,2.7797615853833224,3,2.011464325,17,0.2202384146166776,0.9885356750000001
270,61,74,1.1050075602649132,1,1.047492547,9,-0.1050075602649132,-0.04749254700000005
270,74,61,1.866189474657293,2,1.648634232,10,0.1338105253427071,0.35136576799999997
271,56,58,1.6162075933336555,3,1.679065363,13,1.3837924066663445,1.320934637
271,58,56,0.7804886308545732,1,1.2035628995,11,0.2195113691454268,-0.20356289950000006
272,56,57,0.10273362910809314,0,0.045228063,2,-0.10273362910809314,-0.045228063
272,57,56,0.4242126467097574,1,0.300445785,4,0.5757873532902427,0.699554215
273,66,73,0.5938592951097904,0,1.057457813,14,-0.5938592951097904,-1.057457813
273,73,66,0.7674805652581527,3,0.731214484,12,2.2325194347418473,2.268785516
274,72,75,1.6343047062761007,3,1.623534408,10,1.3656952937238993,1.376465592
274,75,72,1.927044328062398,2,1.773677128,16,0.0729556719376021,0.2263228719999999
275,60,64,0.9074976537995829,1,1.3770291749999999,16,0.09250234620041708,-0.3770291749999999
275,64,60,1.1565896967062892,2,1.1592038457,12,0.8434103032937108,0.8407961543
276,68,75,2.3035689599968703,3,1.669690246,16,0.6964310400031297,1.330309754
276,75,68,0.993261483659481,1,1.194182421,11,0.00673851634051903,-0.19418242100000005
277,69,70,0.1324615334363078,0,0.306293368,4,-0.1324615334363078,-0.306293368
277,70,69,2.294767047763584,1,1.820855655,21,-1.294767047763584,-0.8208556549999999
278,59,70,1.550989663593197,1,1.6192393495,11,-0.550989663593197,-0.6192393494999999
278,70,59,1.9543317121525576,2,2.371450003,16,0.04566828784744237,-0.3714500030000001
279,58,61,0.7745060925425687,1,0.92178184,11,0.22549390745743125,0.07821816000000004
279,61,58,0.494095494017354,0,0.596219803,12,-0.494095494017354,-0.596219803
280,62,71,2.2609841757420934,3,2.257550922,15,0.7390158242579066,0.7424490779999999
280,71,62,0.6378273007084765,3,0.680526779,7,2.3621726992915235,2.319473221
281,66,69,2.3762253132384594,1,2.46817195,23,-1.3762253132384594,-1.46817195
281,69,66,0.43534199051467487,1,0.4513370176,7,0.5646580094853251,0.5486629824
282,67,74,1.4497356289665935,2,1.1586061045,21,0.5502643710334065,0.8413938955
282,74,67,0.8517113312595629,1,0.921879851,11,0.1482886687404371,0.07812014899999997
283,59,73,1.5702813962705413,2,1.0939591050000002,12,0.4297186037294587,0.9060408949999998
283,73,59,1.9601491943788816,2,2.026245143,19,0.039850805621118424,-0.026245143000000137
284,63,73,0.16185511823936402,0,0.457215807,6,-0.16185511823936402,-0.457215807
284,73,63,2.0548812433217263,3,2.429106318,22,0.9451187566782737,0.5708936819999999
285,60,68,1.377225533919848,1,1.2551611470000001,6,-0.37722553391984803,-0.25516114700000014
285,68,60,4.92199561629767,6,3.895753383,23,1.0780043837023303,2.104246617
286,60,71,1.2163535322154706,0,1.330554626,15,-1.2163535322154706,-1.330554626
286,71,60,1.5440509755242728,0,1.3440481457,10,-1.5440509755242728,-1.3440481457
287,63,70,2.1971560690146372,2,2.144563198,13,-0.19715606901463723,-0.14456319800000017
287,70,63,1.2696441739076023,1,2.2023637099999998,27,-0.2696441739076023,-1.2023637099999998
288,68,73,2.01110605934389,1,2.528722358,27,-1.01110605934389,-1.528722358
288,73,68,0.8883221028964103,2,0.79397703,6,1.1116778971035897,1.20602297
289,62,66,0.8688307760124292,1,0.6900700563,14,0.1311692239875708,0.30992994370000004
289,66,62,0.7533920186203104,1,1.1717117209999999,12,0.24660798137968964,-0.17171172099999987
290,57,70,1.4573921963389571,1,1.705787983,15,-0.4573921963389571,-0.705787983
290,70,57,1.42027437582614,0,1.3390426094999999,19,-1.42027437582614,-1.3390426094999999
291,56,74,1.9874118432658392,3,2.548384891,16,1.0125881567341608,0.451615109
291,74,56,1.0655656356473753,0,1.047635179,10,-1.0655656356473753,-1.047635179
292,66,74,0.4963177122416616,0,0.7206647260000001,9,-0.4963177122416616,-0.7206647260000001
292,74,66,0.37725660900725394,0,0.42918139099999997,9,-0.37725660900725394,-0.42918139099999997
293,64,66,2.016501136440671,3,1.894453261,6,0.9834988635593289,1.105546739
293,66,64,0.8243171773145758,0,0.629763069,12,-0.8243171773145758,-0.629763069
294,67,70,0.4988761378823364,0,0.512618649,9,-0.4988761378823364,-0.512618649
294,70,67,0.24674993808051468,0,0.271854425,5,-0.24674993808051468,-0.271854425
295,62,63,1.6972853280849567,1,1.891185647,19,-0.6972853280849567,-0.8911856469999999
295,63,62,0.8180636759856663,1,0.8299910110000001,14,0.18193632401433368,0.17000898899999994
296,59,64,1.3660030205943832,0,1.393120734,16,-1.3660030205943832,-1.393120734
296,64,59,2.7686676210584142,1,1.8493887949999999,13,-1.7686676210584142,-0.8493887949999999
297,59,62,1.9626564212432125,2,1.781054326,17,0.03734357875678751,0.21894567399999998
297,62,59,2.719998900628031,5,2.205054852,15,2.280001099371969,2.794945148
298,56,61,1.229604958006205,3,1.498125848,21,1.770395041993795,1.501874152
298,61,56,1.3293805633215667,2,1.216925209,11,0.6706194366784333,0.783074791
299,58,63,0.25712229903887973,0,0.204094284,6,-0.25712229903887973,-0.204094284
299,63,58,0.9152049554001048,1,1.083526553,19,0.08479504459989518,-0.083526553
300,66,70,1.528973289528185,3,0.8882473424,16,1.471026710471815,2.1117526576
300,70,66,0.3724267649916172,1,0.491467075,8,0.6275732350083828,0.508532925
301,67,69,1.4904992242621673,2,1.521049798,13,0.5095007757378327,0.47895020200000005
301,69,67,0.7405902570770938,0,0.868707546,11,-0.7405902570770938,-0.868707546
302,60,75,1.4126246951738914,2,1.613829301,10,0.5873753048261086,0.386170699
302,75,60,1.5027257906141693,2,1.329681392,14,0.49727420938583067,0.6703186080000001
303,61,65,1.0441567739081954,0,1.02878946,19,-1.0441567739081954,-1.02878946
303,65,61,1.2380093744144363,1,1.1685497310000001,8,-0.23800937441443626,-0.16854973100000015
304,69,71,2.0033014694049913,1,2.3330701126,22,-1.0033014694049913,-1.3330701126000002
304,71,69,0.5356098320094134,1,0.619415399,6,0.46439016799058663,0.380584601
305,59,68,1.310234505671802,1,1.2441171130000002,11,-0.3102345056718021,-0.24411711300000016
305,68,59,1.987442312355345,4,1.940252841,18,2.012557687644655,2.059747159
306,61,75,0.6605479769830175,1,0.8075088213999999,9,0.3394520230169825,0.1924911786000001
306,75,61,2.431924958939161,1,2.9258011600000002,23,-1.431924958939161,-1.9258011600000002
307,61,72,0.259037287891171,0,0.324509314,5,-0.259037287891171,-0.324509314
307,72,61,1.304203325837369,1,0.5409470644,8,-0.3042033258373691,0.45905293560000004
308,58,62,0.8677344754364043,2,0.8567562656,10,1.1322655245635957,1.1432437344
308,62,58,1.6660085181048931,3,1.83468255,12,1.3339914818951069,1.16531745
309,67,72,0.7628444190747955,0,0.584645919,9,-0.7628444190747955,-0.584645919
309,72,67,0.45964756730348644,0,0.525077494,9,-0.45964756730348644,-0.525077494
310,60,69,1.8881564259064976,6,1.880819446,11,4.111843574093502,4.119180554
310,69,60,1.2333974272773962,2,1.3470689025,18,0.7666025727226038,0.6529310975
311,61,70,0.7937379660712522,0,0.565773893,11,-0.7937379660712522,-0.565773893
311,70,61,1.2455732931730539,1,1.1001097579999999,9,-0.24557329317305387,-0.10010975799999988
312,59,67,0.9928104311488012,0,1.0747495330999999,13,-0.9928104311488012,-1.0747495330999999
312,67,59,1.6511233147105224,1,1.598179856,17,-0.6511233147105224,-0.598179856
313,57,59,0.42010124461309895,2,0.573598817,15,1.579898755386901,1.4264011829999999
313,59,57,0.38471855715221714,0,0.42454132099999997,9,-0.38471855715221714,-0.42454132099999997
314,56,65,1.6374470072580207,2,1.595042264,16,0.3625529927419793,0.40495773600000007
314,65,56,3.3805476775449903,5,3.284641979,26,1.6194523224550097,1.7153580210000001
315,64,72,0.8243786715648624,0,0.877713456,9,-0.8243786715648624,-0.877713456
315,72,64,1.2907658903833183,1,1.17446523,13,-0.29076589038331835,-0.17446523000000003
316,57,72,1.4977818861347503,2,1.131874549,11,0.5022181138652497,0.868125451
316,72,57,1.683973546087612,1,1.523784259,11,-0.683973546087612,-0.5237842589999999
317,71,73,1.615336926169046,0,1.460851157,12,-1.615336926169046,-1.460851157
317,73,71,1.6737901706920386,0,1.7840530743,24,-1.6737901706920386,-1.7840530743
318,65,72,1.6223738860967842,3,1.5353571830000001,12,1.3776261139032158,1.4646428169999999
318,72,65,1.0658771961676798,0,1.15499167,8,-1.0658771961676798,-1.15499167
319,59,60,0.4548744689239948,2,1.294276542,8,1.5451255310760053,0.705723458
319,60,59,2.5847828193451288,0,2.89796573,22,-2.5847828193451288,-2.89796573
320,62,65,0.5029775374732042,1,0.7926561400000001,10,0.4970224625267958,0.20734385999999994
320,65,62,2.525611416618754,2,2.478707666,20,-0.5256114166187542,-0.47870766600000003
321,58,69,0.5952952179999558,1,0.595146792,7,0.4047047820000442,0.404853208
321,69,58,0.7028276568231607,0,0.778162141,16,-0.7028276568231607,-0.778162141
322,68,69,1.5642528807368086,1,1.83492503,19,-0.5642528807368086,-0.83492503
322,69,68,1.238861484863493,1,1.391861368,5,-0.2388614848634929,-0.39186136800000004
323,58,68,0.6561421314556886,0,0.6684409889999999,9,-0.6561421314556886,-0.6684409889999999
323,68,58,2.558585793502803,3,1.760006581,20,0.4414142064971971,1.239993419
324,63,71,1.0664526329974948,1,1.1697421754,10,-0.06645263299749482,-0.16974217539999992
324,71,63,1.2160308427281565,0,1.722600477,24,-1.2160308427281565,-1.722600477
325,60,66,0.9374399578837225,1,0.887070621,6,0.06256004211627753,0.112929379
325,66,60,1.2995084081646908,0,1.1163290524,10,-1.2995084081646908,-1.1163290524
326,56,72,0.6065197712963144,1,0.439387729,7,0.3934802287036856,0.560612271
326,72,56,0.6569693164302376,1,0.878499759,12,0.3430306835697624,0.12150024100000001
327,61,69,0.28151123906472086,0,0.316590806,7,-0.28151123906472086,-0.316590806
327,69,61,0.8541712615258794,2,0.581110427,9,1.1458287384741206,1.418889573
328,67,75,1.514601805709013,2,1.2916885235,12,0.4853981942909871,0.7083114765
328,75,67,0.9369571587450785,0,1.045529703,11,-0.9369571587450785,-1.045529703
329,61,64,2.0546338080642617,2,1.9050630750000002,14,-0.05463380806426166,0.09493692499999984
329,64,61,1.8923800218474252,2,1.710104718,15,0.10761997815257485,0.28989528200000003
330,57,62,1.2024226154088684,3,1.428370058,19,1.7975773845911316,1.571629942
330,62,57,0.9409272336989223,3,0.702921212,11,2.0590727663010777,2.297078788
331,56,62,0.9110477929967,1,0.803729412,8,0.08895220700329998,0.19627058799999997
331,62,56,1.2433955053288963,2,1.691042189,14,0.7566044946711037,0.30895781099999997
332,56,60,2.8033218119106618,3,3.173119815,18,0.19667818808933824,-0.17311981500000018
332,60,56,0.35811850338383616,0,0.430048763,9,-0.35811850338383616,-0.430048763
333,59,71,1.1473379547569162,2,1.208077326,18,0.8526620452430838,0.791922674
333,71,59,1.11395841113249,0,0.9730449560000001,7,-1.11395841113249,-0.9730449560000001
334,59,65,0.8494430255275829,0,0.875183561,10,-0.8494430255275829,-0.875183561
334,65,59,2.090302016274241,3,1.842522641,16,0.909697983725759,1.157477359
335,63,75,1.265747144353757,1,1.2039569556,13,-0.2657471443537569,-0.20395695560000004
335,75,63,1.1639157435793352,0,0.941437937,15,-1.1639157435793352,-0.941437937
336,65,70,0.8621489895058353,0,0.8375268513,10,-0.8621489895058353,-0.8375268513
336,70,65,1.404344330328176,1,1.6449346113,23,-0.40434433032817596,-0.6449346113000001
337,60,65,0.03712704502117534,0,0.04286449,1,-0.03712704502117534,-0.04286449
337,65,60,1.5258535820222097,0,1.8904116361,22,-1.5258535820222097,-1.8904116361
338,72,74,0.9447473906597129,1,0.9028143319999999,11,0.055252609340287084,0.09718566800000006
338,74,72,1.0855687595649184,2,0.9349106563999999,9,0.9144312404350816,1.0650893436
339,66,67,0.4543535162974898,0,0.5351811266000001,12,-0.4543535162974898,-0.5351811266000001
339,67,66,0.7278586170476318,0,0.966811302,13,-0.7278586170476318,-0.966811302
340,57,68,0.9276188039675314,1,0.607768631,8,0.07238119603246862,0.392231369
340,68,57,4.462809945584693,5,3.678561991,16,0.5371900544153068,1.321438009
341,63,67,0.5201032053493738,0,0.6038542853,11,-0.5201032053493738,-0.6038542853
341,67,63,1.086391247726756,1,0.954072108,22,-0.0863912477267561,0.045927892000000026
342,64,74,1.316933892018916,1,1.1530885925,17,-0.316933892018916,-0.15308859250000006
342,74,64,1.0448912769503984,0,0.822120338,8,-1.0448912769503984,-0.822120338
343,61,66,1.2909703360482274,2,1.108400613,10,0.7090296639517726,0.8915993870000001
343,66,61,1.4481619692556817,3,1.755140835,20,1.5518380307443183,1.244859165
344,63,72,1.2033857291721235,0,0.87627269,11,-1.2033857291721235,-0.87627269
344,72,63,0.6194989752815306,0,0.578693956,5,-0.6194989752815306,-0.578693956
345,67,68,2.5067955696177924,4,2.073990071,15,1.4932044303822076,1.9260099290000001
345,68,67,1.2177996793811237,1,1.1728529385,23,-0.21779967938112366,-0.17285293849999994
346,66,68,3.3607343394674887,3,3.245148873,14,-0.3607343394674887,-0.2451488730000002
346,68,66,0.779620118171848,1,0.9032864167,12,0.22037988182815205,0.09671358330000002
347,59,61,1.1731312309311492,2,0.657671904,7,0.8268687690688508,1.3423280960000001
347,61,59,2.7403944888774574,1,2.5152440879999998,21,-1.7403944888774574,-1.5152440879999998
348,62,73,1.6319797908352875,1,1.6618179275,15,-0.6319797908352875,-0.6618179275
348,73,62,0.9343921546258674,1,0.840145075,18,0.06560784537413256,0.15985492499999998
349,57,58,0.8664308494832024,1,1.002499719,16,0.13356915051679763,-0.0024997190000000113
349,58,57,0.21065945405403852,1,0.35041278600000003,6,0.7893405459459615,0.649587214
350,60,72,0.20831876301951457,0,0.37281458,6,-0.20831876301951457,-0.37281458
350,72,60,1.2966064731755897,0,1.506356631,20,-1.2966064731755897,-1.506356631
351,66,75,0.5352529252707124,1,0.6509212413000001,14,0.46474707472928756,0.34907875869999994
351,75,66,1.5778770775919888,1,1.490846337,9,-0.5778770775919888,-0.490846337
352,61,73,0.7502924664043463,0,0.773358276,14,-0.7502924664043463,-0.773358276
352,73,61,0.7751804277929604,1,0.690334553,10,0.22481957220703963,0.309665447
353,62,68,0.6404076156247573,0,0.589298101,10,-0.6404076156247573,-0.589298101
353,68,62,1.444442925601075,2,1.17251773,16,0.5555570743989251,0.82748227
354,67,71,1.600819131064388,2,1.4161290260000001,13,0.399180868935612,0.5838709739999999
354,71,67,1.913887926629451,1,1.813228009,14,-0.9138879266294511,-0.8132280089999999
355,56,59,1.4173191268262468,3,1.477613464,18,1.5826808731737532,1.522386536
355,59,56,1.0105708776112436,2,1.367720484,9,0.9894291223887564,0.6322795160000001
356,63,68,0.629907367226637,0,0.5355747971,10,-0.629907367226637,-0.5355747971
356,68,63,3.6106753602225403,1,3.560895456,21,-2.6106753602225403,-2.560895456
357,63,64,1.0259503500233458,0,1.1618531033,16,-1.0259503500233458,-1.1618531033
357,64,63,0.8815977501859475,0,1.0907581123,14,-0.8815977501859475,-1.0907581123
358,62,72,1.1429493067046819,0,1.141489023,15,-1.1429493067046819,-1.141489023
358,72,62,1.418795842394487,3,1.324903946,10,1.581204157605513,1.675096054
359,70,73,0.6592915259028019,1,0.7624511771,9,0.34070847409719807,0.2375488229
359,73,70,0.7359710994691445,2,0.7849844615999999,12,1.2640289005308554,1.2150155384
360,57,60,1.2351405711845775,0,1.075394289,22,-1.2351405711845775,-1.075394289
360,60,57,0.28926098316150106,1,0.23706906,2,0.7107390168384989,0.76293094
361,71,74,0.7351449198190236,0,0.558931467,8,-0.7351449198190236,-0.558931467
361,74,71,0.6925899272679406,0,0.5468138025,14,-0.6925899272679406,-0.5468138025
362,57,67,0.6721588626043118,1,0.619912413,11,0.3278411373956882,0.380087587
362,67,57,2.4676923262263464,4,2.132055251,13,1.5323076737736536,1.8679447489999998
363,64,68,0.04591232581106208,0,0.404323299,7,-0.04591232581106208,-0.404323299
363,68,64,0.975402994530357,2,1.235037312,18,1.024597005469643,0.764962688
364,65,68,1.7500084095340878,2,1.35397635,8,0.24999159046591224,0.6460236500000001
364,68,65,1.068778349838854,1,1.24986528,19,-0.06877834983885389,-0.24986528000000008
365,64,73,1.9384549752245892,2,1.8469288259999999,21,0.061545024775410795,0.15307117400000014
365,73,64,0.9118637405554687,0,0.8667123723,8,-0.9118637405554687,-0.8667123723
366,56,63,1.2916342477187621,1,1.329400686,12,-0.2916342477187621,-0.32940068600000005
366,63,56,0.38719656295931526,0,0.370666353,10,-0.38719656295931526,-0.370666353
367,62,67,0.4175212753370488,0,0.328295836,7,-0.4175212753370488,-0.328295836
367,67,62,2.0190652542347323,0,2.1179032895,18,-2.0190652542347323,-2.1179032895
368,64,69,1.7970719763940113,1,1.378114376,12,-0.7970719763940113,-0.3781143760000001
368,69,64,0.647155146679157,0,0.5346139213,9,-0.647155146679157,-0.5346139213
369,64,67,0.979458760911539,1,1.1045349930000001,9,0.02054123908846095,-0.10453499300000013
369,67,64,0.6308134953772337,2,0.532679953,9,1.3691865046227663,1.4673200469999998
370,61,62,0.8801686852933642,0,1.104697958,11,-0.8801686852933642,-1.104697958
370,62,61,2.1993175347345773,4,2.321444905,16,1.8006824652654227,1.678555095
371,58,73,0.7190752602744004,0,0.721320146,7,-0.7190752602744004,-0.721320146
371,73,58,1.6051171945966152,1,1.717771349,17,-0.6051171945966152,-0.717771349
372,58,74,0.30616940982354623,0,0.619245952,9,-0.30616940982354623,-0.619245952
372,74,58,1.137151715600922,1,0.9775453096,7,-0.1371517156009221,0.022454690400000032
373,60,67,1.6307664629736358,2,1.449065663,8,0.3692335370263642,0.5509343369999999
373,67,60,1.2243425443823823,1,1.110380464,20,-0.22434254438238233,-0.1103804639999999
374,64,70,0.38037498359009836,0,0.8251157,12,-0.38037498359009836,-0.8251157
374,70,64,1.5782849080526424,2,1.432905799,16,0.42171509194735757,0.567094201
375,73,74,0.44555157295530945,0,0.42816083,11,-0.44555157295530945,-0.42816083
375,74,73,0.8865822080966944,0,1.071158855,22,-0.8865822080966944,-1.071158855
376,56,69,2.643261880092348,1,2.735609277,15,-1.6432618800923482,-1.735609277
376,69,56,1.1429444795920287,1,1.2885968725,17,-0.14294447959202872,-0.2885968725000001
377,62,74,1.131265102564187,0,1.6555124890000001,17,-1.131265102564187,-1.6555124890000001
377,74,62,0.8173514656022356,0,0.7493634259999999,12,-0.8173514656022356,-0.7493634259999999
378,57,69,0.9443712234922244,1,0.776672523,8,0.055628776507775646,0.223327477
378,69,57,1.392510198396549,3,1.319561857,12,1.607489801603451,1.680438143
379,61,71,0.617918868049684,0,0.622719047,13,-0.617918868049684,-0.622719047
379,71,61,0.9275156186099349,1,1.4088317786,12,0.07248438139006508,-0.4088317786
380,69,75,0.8072376199301009,0,0.77970669,6,-0.8072376199301009,-0.77970669
380,75,69,2.8849964804911834,3,2.585694911,23,0.1150035195088166,0.41430508899999996
381,58,72,0.21321199478933853,0,0.41405688100000004,4,-0.21321199478933853,-0.41405688100000004
381,72,58,0.4904907368348314,1,0.680214691,12,0.5095092631651685,0.319785309
382,58,65,0.2853488170060766,1,0.418669605,4,0.7146511829939234,0.5813303949999999
382,65,58,0.6748781751339169,1,0.996779238,12,0.3251218248660831,0.003220761999999988
383,69,73,1.4112822708768507,2,1.301720589,16,0.5887177291231493,0.6982794109999999
383,73,69,1.8731325391832492,2,2.282386951,19,0.12686746081675082,-0.2823869509999999
384,60,63,0.6875637653395024,1,0.788583969,7,0.31243623466049764,0.21141603099999995
384,63,60,2.4023455596335372,5,1.589915167,19,2.5976544403664628,3.410084833
385,69,74,1.0507320767091304,1,1.0955278426,9,-0.05073207670913038,-0.09552784259999991
385,74,69,0.39070790090140745,0,0.4882892185,8,-0.39070790090140745,-0.4882892185
386,68,74,0.6615430372634299,2,0.7830449,14,1.33845696273657,1.2169550999999998
386,74,68,1.3406541169151494,1,1.234060959,13,-0.34065411691514935,-0.234060959
387,65,75,0.9559947966029347,0,0.791967786,8,-0.9559947966029347,-0.791967786
387,75,65,2.0360344439592195,4,1.908696109,14,1.9639655560407805,2.091303891
388,58,75,0.4484276735325209,0,0.598715993,8,-0.4484276735325209,-0.598715993
388,75,58,0.9820676551593147,0,1.092335951,16,-0.9820676551593147,-1.092335951
389,60,73,0.7922285467537873,0,0.8119911615000001,14,-0.7922285467537873,-0.8119911615000001
389,73,60,2.016404878924039,2,2.092493351,17,-0.016404878924038968,-0.09249335099999989
390,56,75,2.6671578896992725,2,2.111764067,27,-0.6671578896992725,-0.11176406700000019
390,75,56,1.6125999007741565,2,1.3640691679999999,13,0.3874000992258435,0.6359308320000001
391,56,70,0.8399923774103241,2,0.643696642,9,1.160007622589676,1.356303358
391,70,56,1.888059954143751,1,2.06070106,11,-0.888059954143751,-1.06070106
392,69,72,0.9031769802943267,2,0.9237468240000001,6,1.0968230197056732,1.0762531759999998
392,72,69,1.0608214143514112,1,0.9421334939999999,11,-0.060821414351411196,0.057866506000000095
393,63,66,0.5568401152540079,2,0.575604102,9,1.443159884745992,1.424395898
393,66,63,1.653287374912145,1,1.795278301,22,-0.6532873749121451,-0.795278301
394,56,66,0.8795157622417886,0,0.801468854,7,-0.8795157622417886,-0.801468854
394,66,56,1.2350231433424166,1,1.777294086,26,-0.23502314334241658,-0.7772940859999999
395,67,73,2.616946476015053,4,2.660931293,22,1.3830535239849469,1.339068707
395,73,67,0.6571696663200154,1,0.7501930330000001,10,0.3428303336799846,0.24980696699999994
396,62,69,1.8856997016127917,1,1.870746668,15,-0.8856997016127917,-0.870746668
396,69,62,1.475688173032519,1,1.310010919,8,-0.4756881730325191,-0.310010919
397,65,71,4.230752714626901,2,3.701509995,30,-2.2307527146269006,-1.7015099949999999
397,71,65,0.21286362336806916,0,0.282876691,9,-0.21286362336806916,-0.282876691
398,62,70,1.7812394968478207,3,1.210033051,14,1.2187605031521793,1.789966949
398,70,62,0.5949354275606126,1,0.7957923840000001,15,0.4050645724393874,0.20420761599999993
399,71,75,1.7473385110755715,1,1.412434229,16,-0.7473385110755715,-0.41243422900000004
399,75,71,1.2622602111343864,0,1.151731759,16,-1.2622602111343864,-1.151731759
400,56,64,0.9078524342328176,1,1.07965597,12,0.09214756576718242,-0.07965596999999991
400,64,56,0.3069282394402788,0,0.292395677,7,-0.3069282394402788,-0.292395677
401,65,67,1.8007871911504054,1,1.574176436,10,-0.8007871911504054,-0.5741764359999999
401,67,65,1.1042441858987562,1,1.0868710365,16,-0.10424418589875617,-0.08687103650000005
402,59,75,0.5839034899394114,0,0.555141903,11,-0.5839034899394114,-0.555141903
402,75,59,0.8919655815063557,0,1.0130055407,13,-0.8919655815063557,-1.0130055407
403,66,72,0.5014733846161525,1,0.617930664,7,0.49852661538384746,0.38206933600000004
403,72,66,0.7201239416006908,2,0.695062597,8,1.2798760583993092,1.304937403
404,60,74,0.26099276142831723,0,0.128725608,4,-0.26099276142831723,-0.128725608
404,74,60,1.7850915758076396,2,1.8072480083,19,0.21490842419236045,0.1927519917
405,57,73,2.0672593195813644,3,1.9544267699000002,15,0.9327406804186356,1.0455732300999998
405,73,57,0.7238873793389036,2,0.912245907,9,1.2761126206610964,1.087754093
406,62,64,0.9023079964854895,2,0.780699622,11,1.0976920035145104,1.219300378
406,64,62,0.734137382068045,2,0.619914376,11,1.265862617931955,1.380085624
407,63,65,1.3589168618395424,1,1.274477265,11,-0.3589168618395424,-0.274477265
407,65,63,1.5140281059585856,1,1.7779091754,20,-0.5140281059585856,-0.7779091754
408,63,69,2.0141037608052916,3,1.798323134,11,0.9858962391947084,1.201676866
408,69,63,2.0122789186764276,1,1.4056107054,17,-1.0122789186764276,-0.4056107054
409,56,73,1.126295685771382,2,1.215113044,10,0.873704314228618,0.784886956
409,73,56,0.7201766966895311,1,0.8063725930000001,9,0.2798233033104689,0.19362740699999992
410,61,63,1.1696189443619782,0,0.8991665776,12,-1.1696189443619782,-0.8991665776
410,63,61,1.0565392072594753,2,0.989457464,17,0.9434607927405247,1.010542536
411,68,70,1.6224855466165595,3,1.777268971,18,1.3775144533834405,1.222731029
411,70,68,0.6487270106600297,0,0.8010583339999999,11,-0.6487270106600297,-0.8010583339999999
412,62,75,1.0267651295666487,3,0.912088871,11,1.9732348704333513,2.087911129
412,75,62,1.070785885071006,0,1.0568284415,17,-1.070785885071006,-1.0568284415
413,66,71,0.282904805158918,1,0.245268123,8,0.717095194841082,0.754731877
413,71,66,0.30147495421291276,0,0.415074461,6,-0.30147495421291276,-0.415074461
414,56,67,0.47679536488929186,1,0.62720865,13,0.5232046351107081,0.37279134999999997
414,67,56,2.1489076445788937,1,1.971763712,19,-1.1489076445788937,-0.971763712
415,64,75,0.6702915676162784,0,0.8573689886,12,-0.6702915676162784,-0.8573689886
415,75,64,0.8426489371689531,0,0.8235125,15,-0.8426489371689531,-0.8235125
416,65,66,2.0780686133977806,0,2.1088993565000003,21,-2.0780686133977806,-2.1088993565000003
416,66,65,1.5997536542300734,0,1.453182632,18,-1.5997536542300734,-1.453182632
417,59,74,0.5022762050785704,1,0.8344188998,11,0.4977237949214296,0.16558110020000005
417,74,59,1.3876636074764412,1,1.6329706446,21,-0.38766360747644124,-0.6329706446000001
418,58,70,0.9443922046417688,2,0.9839547106,15,1.0556077953582312,1.0160452894
418,70,58,2.3128218472961577,3,2.474998377,15,0.6871781527038423,0.5250016230000001
419,66,75,1.555422706725427,2,1.508621445,18,0.44457729327457307,0.49137855500000005
419,75,66,1.172786324927136,3,1.150193144,15,1.827213675072864,1.849806856
420,56,67,0.6582439898410535,1,1.07861784,10,0.3417560101589465,-0.07861783999999994
420,67,56,1.0635679026023932,0,1.4610406488,21,-1.0635679026023932,-1.4610406488
421,57,65,0.45892988301364296,0,0.346804384,10,-0.45892988301364296,-0.346804384
421,65,57,2.44880078096816,2,1.7515431385,13,-0.4488007809681598,0.24845686150000001
422,58,59,0.09079015224963306,0,0.1493581485,4,-0.09079015224963306,-0.1493581485
422,59,58,1.454330282441476,0,2.2034853009999997,25,-1.454330282441476,-2.2034853009999997
423,70,73,1.2908253166280674,1,1.621819371,21,-0.29082531662806743,-0.621819371
423,73,70,0.7609384877571589,2,0.886417968,13,1.239061512242841,1.113582032
424,57,59,1.350964931346135,1,1.18296951,15,-0.35096493134613493,-0.18296950999999995
424,59,57,0.4481407934658844,1,0.490046305,10,0.5518592065341156,0.509953695
425,65,74,1.0333200562734715,1,1.327473657,17,-0.033320056273471454,-0.3274736570000001
425,74,65,1.3579948788782004,2,1.1740502400000001,11,0.6420051211217996,0.8259497599999999
426,64,71,0.7493280172374466,1,0.7222179230000001,9,0.2506719827625534,0.2777820769999999
426,71,64,1.4171191005577168,2,1.427871372,9,0.5828808994422832,0.572128628
427,62,65,0.3736409717793349,0,0.45883076300000003,8,-0.3736409717793349,-0.45883076300000003
427,65,62,1.5134102713164972,2,1.830370192,11,0.4865897286835028,0.16962980800000005
428,61,63,0.5152095431409389,0,0.697131786,13,-0.5152095431409389,-0.697131786
428,63,61,0.5867216214016132,0,0.4005079474,9,-0.5867216214016132,-0.4005079474
429,56,75,1.3159757048819776,1,1.237693633,11,-0.31597570488197757,-0.2376936329999999
429,75,56,0.20961946402202666,0,0.518473497,10,-0.20961946402202666,-0.518473497
430,66,71,2.3005757763607764,4,1.9046623936999998,14,1.6994242236392236,2.0953376063
430,71,66,0.5274791403505915,1,0.58647117,11,0.4725208596494085,0.41352882999999996
431,57,74,0.8050935672705875,3,0.9624117966,13,2.1949064327294128,2.0375882034
431,74,57,1.167499081162689,2,1.5288385593,13,0.8325009188373109,0.4711614407
432,59,62,2.053105643086985,3,1.9913096856,15,0.946894356913015,1.0086903144
432,62,59,1.2254086404442948,0,1.1338910485,17,-1.2254086404442948,-1.1338910485
433,59,65,0.4645344186830972,0,0.501764842,12,-0.4645344186830972,-0.501764842
433,65,59,1.2101972710982387,0,1.338111885,20,-1.2101972710982387,-1.338111885
434,66,68,1.2895128010222408,3,1.1228887092,11,1.7104871989777592,1.8771112908
434,68,66,0.0985349544629914,0,0.208402952,4,-0.0985349544629914,-0.208402952
435,67,75,2.5084670102646514,1,2.337177927,19,-1.5084670102646514,-1.337177927
435,75,67,0.9973651376162891,2,0.945182293,10,1.002634862383711,1.054817707
436,63,75,1.053566308623288,1,1.296064391,16,-0.05356630862328804,-0.29606439100000004
436,75,63,1.766500347770293,3,1.6086003844999999,18,1.233499652229707,1.3913996155000001
437,61,73,0.11216749450963165,0,0.158824904,5,-0.11216749450963165,-0.158824904
437,73,61,3.2380946006941715,2,2.6677341764,26,-1.2380946006941715,-0.6677341764000002
438,73,75,1.6841390089197066,2,1.4072806077,13,0.3158609910802934,0.5927193923
438,75,73,1.0331754267667135,0,1.094180983,13,-1.0331754267667135,-1.094180983
439,56,60,0.48097579610041635,1,0.930954673,10,0.5190242038995836,0.06904532699999999
439,60,56,0.5950243850267007,0,0.873260962,13,-0.5950243850267007,-0.873260962
440,57,69,1.7997970212905048,2,1.47795355,14,0.20020297870949522,0.5220464499999999
440,69,57,0.3158346325371721,0,0.4287345755,10,-0.3158346325371721,-0.4287345755
441,60,71,0.296771592321744,0,0.40443306,5,-0.296771592321744,-0.40443306
441,71,60,0.315623095979361,1,0.27957120550000003,9,0.684376904020639,0.7204287945
442,63,65,0.36958361110848786,1,0.3875618627,7,0.6304163888915122,0.6124381373000001
442,65,63,2.078230654748076,1,1.736553898,21,-1.0782306547480758,-0.7365538979999999
443,70,75,1.4550829211588885,2,1.410115366,17,0.5449170788411115,0.5898846339999999
443,75,70,0.7970431463590075,1,1.067482739,8,0.20295685364099247,-0.0674827389999999
444,60,75,0.2040609004502399,1,0.269008924,5,0.7959390995497602,0.730991076
444,75,60,2.287894571102572,3,1.9387079523,20,0.712105428897428,1.0612920477
445,66,74,0.6524186951455092,1,0.783318545,10,0.3475813048544908,0.21668145500000002
445,74,66,2.5353150618276894,3,1.8349364000000001,19,0.4646849381723106,1.1650635999999999
446,70,72,0.831912349333812,0,0.8758018527,8,-0.831912349333812,-0.8758018527
446,72,70,1.3803830993855972,0,1.289497517,13,-1.3803830993855972,-1.289497517
447,57,73,0.36163922738546206,1,0.4240502276,11,0.6383607726145379,0.5759497724
447,73,57,0.8992314170021705,3,0.760144765,9,2.1007685829978295,2.2398552350000003
448,63,69,1.2768599619116798,1,1.2824345756,14,-0.27685996191167983,-0.28243457559999996
448,69,63,0.7257353365261455,0,1.0310542954,14,-0.7257353365261455,-1.0310542954
449,60,74,2.145418857873774,3,1.050087159,12,0.8545811421262259,1.949912841
449,74,60,0.7253255968681233,0,1.111024237,12,-0.7253255968681233,-1.111024237
450,63,71,1.3074770276419385,2,1.238748557,17,0.6925229723580615,0.7612514429999999
450,71,63,1.0817100258699202,1,1.1962769785,12,-0.08171002586992016,-0.19627697850000003
451,59,67,0.6660822357794254,1,0.522873208,5,0.3339177642205746,0.47712679199999997
451,67,59,2.2321991971944777,3,1.944581566,25,0.7678008028055223,1.055418434
452,62,64,1.5140480153308598,1,1.4061570767,12,-0.5140480153308598,-0.4061570767
452,64,62,0.6134426031344627,0,0.5522624965,13,-0.6134426031344627,-0.5522624965
453,59,72,1.7517135813640345,1,1.808282101,21,-0.7517135813640345,-0.8082821010000001
453,72,59,0.5850975616335752,1,0.950959874,13,0.4149024383664248,0.04904012599999996
454,69,71,0.35198068644352787,1,0.327643834,5,0.6480193135564721,0.6723561659999999
454,71,69,1.7269674934106454,2,1.502928748,17,0.27303250658935463,0.497071252
455,56,62,2.7590412160308913,2,2.871042445,30,-0.7590412160308913,-0.871042445
455,62,56,0.8768071858491188,1,1.380829187,10,0.12319281415088124,-0.380829187
456,58,68,0.8878091163153904,1,1.204284599,13,0.11219088368460961,-0.20428459899999996
456,68,58,1.3260746134592716,1,1.304562234,12,-0.3260746134592716,-0.30456223400000004
457,59,61,1.1303682425797448,2,1.129123908,13,0.8696317574202552,0.870876092
457,61,59,0.5013276287971637,1,0.415427136,8,0.49867237120283625,0.5845728640000001
458,70,71,1.430941948546658,1,1.375794465,20,-0.4309419485466579,-0.375794465
458,71,70,1.2735760192626981,1,1.515248141,17,-0.27357601926269814,-0.515248141
459,58,70,0.8564198010561972,2,0.902230667,14,1.1435801989438028,1.097769333
459,70,58,1.3783432743138953,1,1.425701522,14,-0.37834327431389525,-0.425701522
460,61,64,0.5284744097475704,2,0.617063591,8,1.4715255902524296,1.382936409
460,64,61,1.0802043520404778,3,1.1316410817,18,1.9197956479595222,1.8683589183
461,60,65,1.5578121378398555,0,1.535952321,15,-1.5578121378398555,-1.535952321
461,65,60,1.7112170946442549,1,1.8596375313,15,-0.7112170946442549,-0.8596375313
462,60,61,1.0156302632707839,0,0.965034265,9,-1.0156302632707839,-0.965034265
462,61,60,0.09558415295169248,0,0.0154808238,2,-0.09558415295169248,-0.0154808238
463,59,74,2.3885811378202466,3,2.1823739389999997,7,0.6114188621797534,0.8176260610000003
463,74,59,0.6459247949426997,1,0.510479337,10,0.3540752050573003,0.48952066299999997
464,61,70,0.83212680635142,0,0.968863158,15,-0.83212680635142,-0.968863158
464,70,61,2.1079320475607815,3,1.3608490629999999,10,0.8920679524392185,1.6391509370000001
465,64,67,0.12079368270451245,0,0.094645531,3,-0.12079368270451245,-0.094645531
465,67,64,2.2368225672181374,1,2.2134976358,26,-1.2368225672181374,-1.2134976358
466,58,72,0.5618802350560227,1,0.722863021,9,0.4381197649439773,0.277136979
466,72,58,0.08257867831578723,0,0.37916599,7,-0.08257867831578723,-0.37916599
467,58,61,0.37098673034412993,0,0.468689686,5,-0.37098673034412993,-0.468689686
467,61,58,0.4938396009386125,0,0.632857064,16,-0.4938396009386125,-0.632857064
468,64,73,0.5911378251939875,1,0.5380356955,6,0.4088621748060125,0.46196430450000003
468,73,64,1.698920932777021,1,2.070574037,16,-0.6989209327770209,-1.070574037
469,66,67,1.0194423376003583,1,1.266068586,15,-0.019442337600358295,-0.26606858600000005
469,67,66,1.5185325105548921,1,1.689788995,18,-0.5185325105548921,-0.689788995
470,60,72,1.5879123236186503,2,1.3295973697,13,0.4120876763813497,0.6704026302999999
470,72,60,1.1095015230266814,2,1.073853987,11,0.8904984769733186,0.9261460130000001
471,57,63,0.8191276184139462,2,0.751661777,8,1.1808723815860538,1.248338223
471,63,57,1.3789038832264293,1,1.542731364,14,-0.3789038832264293,-0.542731364
472,67,70,2.1299449559502297,2,2.320955286,16,-0.1299449559502297,-0.3209552859999998
472,70,67,0.7151647341167708,2,0.774737798,13,1.2848352658832292,1.2252622020000001
473,71,72,0.5659529566056917,0,0.616617983,10,-0.5659529566056917,-0.616617983
473,72,71,2.0995734166284445,3,2.460498865,15,0.9004265833715555,0.5395011350000001
474,59,68,1.155830528647495,0,1.18569443,12,-1.155830528647495,-1.18569443
474,68,59,0.6973669641245736,1,0.582714412,7,0.30263303587542645,0.41728558800000004
475,59,60,0.76034464521811,1,0.6046204635,14,0.23965535478189004,0.3953795365
475,60,59,1.390221274862254,1,1.487952885,17,-0.390221274862254,-0.4879528849999999
476,69,75,1.2356240777489813,1,1.1692610669999999,10,-0.2356240777489813,-0.16926106699999988
476,75,69,0.7060130028690288,0,0.987271448,10,-0.7060130028690288,-0.987271448
477,64,70,0.4607038892072635,0,0.901031056,13,-0.4607038892072635,-0.901031056
477,70,64,0.7603022134862334,0,0.939371588,13,-0.7603022134862334,-0.939371588
478,59,70,1.1577174596296105,3,0.966293928,14,1.8422825403703895,2.033706072
478,70,59,1.3119492004959743,2,1.1584543105,9,0.6880507995040257,0.8415456895
479,68,73,0.6913634831812163,1,1.036359073,15,0.3086365168187837,-0.036359073000000075
479,73,68,0.8031476393720081,2,0.9143906526,10,1.196852360627992,1.0856093474000001
480,65,70,1.1321393583523767,0,1.148608958,10,-1.1321393583523767,-1.148608958
480,70,65,1.4973958766765025,1,1.18311362,12,-0.49739587667650254,-0.1831136200000001
481,63,70,0.8467941632288278,0,0.919569089,8,-0.8467941632288278,-0.919569089
481,70,63,2.1446142206222127,3,1.8763646950000001,10,0.8553857793777873,1.1236353049999999
482,70,74,1.5390755341157958,0,1.6571836979999999,9,-1.5390755341157958,-1.6571836979999999
482,74,70,2.003677373546077,1,1.825726522,12,-1.003677373546077,-0.8257265220000001
483,64,65,0.5312665838519608,0,0.432057217,7,-0.5312665838519608,-0.432057217
483,65,64,3.3703049547439843,4,2.576715334,19,0.6296950452560157,1.4232846659999998
484,73,75,0.3972573553868096,0,0.87702433,19,-0.3972573553868096,-0.87702433
484,75,73,0.6636294368735982,1,0.812012415,8,0.3363705631264018,0.187987585
485,57,64,1.033152705383305,0,1.156495531,12,-1.033152705383305,-1.156495531
485,64,57,0.9012373958029484,0,0.909375011,14,-0.9012373958029484,-0.909375011
486,58,71,2.275660129799168,2,2.532032643,18,-0.2756601297991681,-0.532032643
486,71,58,0.7952961860966676,1,0.841048818,11,0.20470381390333237,0.15895118200000002
487,62,69,2.1316665733850693,2,1.4868846980000001,14,-0.13166657338506926,0.5131153019999999
487,69,62,0.7163383942073936,0,0.7429965544,11,-0.7163383942073936,-0.7429965544
488,68,72,1.489306539064533,0,1.965376267,25,-1.489306539064533,-1.965376267
488,72,68,0.3862573907873225,1,0.5240068219999999,5,0.6137426092126774,0.4759931780000001
489,62,70,1.003108145693139,2,1.346277148,9,0.996891854306861,0.653722852
489,70,62,2.8981171781705632,3,2.168611498,14,0.10188282182943675,0.8313885019999998
490,62,71,2.040374317106998,2,1.879793857,13,-0.0403743171069979,0.1202061430000001
490,71,62,0.5662817703571148,0,0.6750005002,12,-0.5662817703571148,-0.6750005002
491,59,71,0.6812992202659657,0,1.019949846,14,-0.6812992202659657,-1.019949846
491,71,59,0.8514100222612833,1,0.724970782,11,0.14858997773871674,0.275029218
492,72,73,0.9133085586755684,2,0.830467973,3,1.0866914413244317,1.169532027
492,73,72,2.5346231271195268,3,1.910855343,19,0.46537687288047325,1.089144657
493,62,75,0.7396139341696663,1,0.3211292356,7,0.26038606583033375,0.6788707644
493,75,62,1.741271224774605,1,1.4534008985,18,-0.7412712247746049,-0.4534008985
494,74,75,0.54134753348524,0,0.593992511,13,-0.54134753348524,-0.593992511
494,75,74,1.2522270477856843,1,1.1569965295,15,-0.2522270477856843,-0.15699652949999998
495,62,67,0.6514255804180398,1,0.723844971,12,0.3485744195819602,0.276155029
495,67,62,0.6988684497431218,1,0.8274244150000001,19,0.3011315502568782,0.17257558499999992
496,62,68,0.43145679646039165,0,0.34367785,7,-0.43145679646039165,-0.34367785
496,68,62,1.7699092008103106,0,1.365025835,22,-1.7699092008103106,-1.365025835
497,57,68,1.1527669206383977,0,1.144768972,11,-1.1527669206383977,-1.144768972
497,68,57,1.1275376314446508,4,0.7706947195,15,2.8724623685553494,3.2293052805
498,67,68,0.5707947443790131,1,0.4722549304,5,0.4292052556209869,0.5277450696
498,68,67,1.7091266287807834,1,1.986804738,18,-0.7091266287807834,-0.986804738
499,68,74,2.4855548793061666,1,2.490633237,18,-1.4855548793061666,-1.490633237
499,74,68,0.7531915279320792,1,0.17909318400000002,4,0.24680847206792078,0.8209068159999999
500,69,74,0.5717769930418527,0,0.697222856,8,-0.5717769930418527,-0.697222856
500,74,69,0.5874997843877385,1,0.478941038,10,0.41250021561226147,0.521058962
501,56,59,3.1105732451571484,2,3.007875148,16,-1.1105732451571484,-1.007875148
501,59,56,0.7530022890024585,0,0.7835765185000001,15,-0.7530022890024585,-0.7835765185000001
502,60,66,0.40323389989898606,2,0.394944356,6,1.5967661001010138,1.6050556440000001
502,66,60,0.6460727081649209,2,0.717686025,13,1.353927291835079,1.282313975
503,58,64,0.8018493515338985,0,0.8892757815,15,-0.8018493515338985,-0.8892757815
503,64,58,0.5943951017011996,1,0.468298833,11,0.4056048982988004,0.531701167
504,73,74,2.977454206567456,0,2.839437816,26,-2.977454206567456,-2.839437816
504,74,73,2.8494789215369374,4,2.763622419,14,1.1505210784630626,1.2363775810000002
505,57,72,0.18560498397643385,0,0.651449296,7,-0.18560498397643385,-0.651449296
505,72,57,1.7149874484256762,3,1.5480998154,12,1.2850125515743238,1.4519001846
506,64,74,0.6211738574857097,0,0.588152031,12,-0.6211738574857097,-0.588152031
506,74,64,0.44809171836066286,1,0.48989343399999996,10,0.5519082816393371,0.510106566
507,62,74,1.468492590753754,0,1.55489436,19,-1.468492590753754,-1.55489436
507,74,62,0.8525660266494897,1,0.47373478999999996,6,0.14743397335051034,0.52626521
508,59,75,0.959180145329399,1,0.787620134,11,0.04081985467060101,0.21237986600000003
508,75,59,1.2095985131016562,1,1.580121315,16,-0.20959851310165623,-0.580121315
509,56,72,0.9170351412039606,1,1.132101278,14,0.08296485879603943,-0.13210127799999993
509,72,56,1.1653970115915,1,1.2500651834,21,-0.1653970115915,-0.25006518340000006
510,58,75,0.45613509013072345,0,0.469348987,10,-0.45613509013072345,-0.469348987
510,75,58,0.5901600190760911,2,0.5155787629999999,8,1.409839980923909,1.484421237
511,60,63,0.5852980882250229,1,0.445745585,10,0.41470191177497706,0.554254415
511,63,60,0.4166255523934756,0,0.2851514,8,-0.4166255523934756,-0.2851514
512,59,69,1.2220004284494292,2,0.993858141,7,0.7779995715505708,1.006141859
512,69,59,1.147440136302128,0,1.274581626,19,-1.147440136302128,-1.274581626
513,63,73,1.2455344470066982,2,1.532418619,12,0.7544655529933018,0.467581381
513,73,63,1.005249243321766,2,1.446214737,18,0.9947507566782341,0.553785263
514,57,60,0.8815881229012701,2,1.128546848,16,1.11841187709873,0.871453152
514,60,57,0.772702712287887,1,1.087780106,15,0.227297287712113,-0.08778010600000008
515,63,67,0.4430589119565436,0,0.921659553,11,-0.4430589119565436,-0.921659553
515,67,63,1.4484373623110063,3,1.4633146048,24,1.5515626376889937,1.5366853952
516,56,63,1.557171857773802,1,1.321306959,8,-0.5571718577738021,-0.32130695899999995
516,63,56,0.7242301456888836,0,0.6114667513,13,-0.7242301456888836,-0.6114667513
517,64,75,0.013468412641183848,0,0.10450385000000001,4,-0.013468412641183848,-0.10450385000000001
517,75,64,2.049917886704469,2,1.78503046,15,-0.04991788670446917,0.21496954000000001
518,65,69,0.6914320887936934,1,0.814684314,14,0.30856791120630656,0.18531568600000003
518,69,65,0.8973385107124849,0,0.8152819,12,-0.8973385107124849,-0.8152819
519,67,71,3.4624013784525784,4,3.4869330769999998,22,0.5375986215474216,0.5130669230000002
519,71,67,0.5844155060961829,0,0.70624068,13,-0.5844155060961829,-0.70624068
520,57,75,1.087340483270007,0,0.914640914,16,-1.087340483270007,-0.914640914
520,75,57,0.7135609259613912,2,0.9831154603,11,1.2864390740386087,1.0168845397
521,58,73,1.1652125286720998,0,1.202161677,15,-1.1652125286720998,-1.202161677
521,73,58,0.7049809887600432,3,0.840507286,8,2.295019011239957,2.1594927139999998
522,58,60,1.1620135852672928,1,2.195157534,22,-0.16201358526729281,-1.1951575339999998
522,60,58,0.337812255659622,0,0.5422666485,7,-0.337812255659622,-0.5422666485
523,71,75,0.9079502419802553,1,0.942236101,14,0.09204975801974469,0.05776389900000001
523,75,71,0.6273963785178979,2,0.574863601,11,1.372603621482102,1.4251363989999999
524,71,73,0.4331408712533229,2,0.4308522394,8,1.566859128746677,1.5691477606
524,73,71,2.7277019477612168,1,2.7373717505,23,-1.7277019477612168,-1.7373717505
525,72,75,0.15319761229830992,0,0.1837368766,8,-0.15319761229830992,-0.1837368766
525,75,72,0.6347760010051984,1,0.5732301040000001,7,0.3652239989948016,0.4267698959999999
526,65,75,2.425100252918426,0,2.433966167,23,-2.425100252918426,-2.433966167
526,75,65,0.8242127939544647,0,0.9884922977,14,-0.8242127939544647,-0.9884922977
527,65,71,0.5144689789244854,0,0.492181264,8,-0.5144689789244854,-0.492181264
527,71,65,0.8796152850936032,0,0.923703141,14,-0.8796152850936032,-0.923703141
528,60,68,0.6632265974631906,1,0.602449527,5,0.33677340253680943,0.397550473
528,68,60,0.5941847948226519,1,0.678389102,10,0.40581520517734815,0.321610898
529,64,69,2.04366429383178,2,2.093378657,13,-0.04366429383177994,-0.09337865700000014
529,69,64,2.656908277828672,3,2.415392853,18,0.3430917221713279,0.5846071469999998
530,67,72,1.6573661518262313,3,1.8133864335999998,16,1.3426338481737687,1.1866135664000002
530,72,67,0.29231562480930845,0,0.508053513,6,-0.29231562480930845,-0.508053513
531,69,72,0.6077830032127501,0,0.757341927,9,-0.6077830032127501,-0.757341927
531,72,69,1.2997700449075114,1,1.313161979,15,-0.29977004490751136,-0.313161979
532,61,66,0.1668835596498359,0,0.22653544,6,-0.1668835596498359,-0.22653544
532,66,61,2.483797074907544,6,2.6483686066,12,3.516202925092456,3.3516313934
533,58,67,1.3253405239436975,1,0.992877223,13,-0.3253405239436975,0.007122776999999969
533,67,58,0.7615528404760411,1,0.707403165,9,0.2384471595239589,0.292596835
534,57,66,1.4065479983047884,1,1.612050365,19,-0.4065479983047884,-0.612050365
534,66,57,1.6109235051297297,2,1.8167390102,19,0.3890764948702703,0.18326098979999994
535,63,66,1.175685031339277,1,1.17514805,15,-0.17568503133927704,-0.17514805
535,66,63,0.6164704763441683,1,1.0151266945000001,17,0.3835295236558317,-0.015126694500000148
536,61,74,0.6667039633035035,0,1.071737193,12,-0.6667039633035035,-1.071737193
536,74,61,0.4615743770061361,1,0.591053935,10,0.5384256229938639,0.40894606499999997
537,57,58,1.1585988785380068,1,0.9816689474,13,-0.1585988785380068,0.01833105260000001
537,58,57,0.9341817847181697,1,0.9042456879999999,11,0.0658182152818303,0.09575431200000006
538,56,73,0.6569511390678302,1,0.51661509,5,0.3430488609321698,0.48338490999999995
538,73,56,1.111165127534641,1,1.020643459,19,-0.11116512753464103,-0.020643458999999975
539,56,74,2.784367986071689,4,2.508655226,19,1.2156320139283112,1.4913447739999999
539,74,56,0.3712817304543885,0,0.43983078400000003,9,-0.3712817304543885,-0.43983078400000003
540,56,70,1.5301235013715517,1,1.726763756,19,-0.5301235013715517,-0.726763756
540,70,56,0.9323775327746773,0,1.112444879,17,-0.9323775327746773,-1.112444879
541,56,58,2.544308391676286,1,2.18297195,23,-1.544308391676286,-1.1829719500000002
541,58,56,1.3084197807926867,2,1.147642564,11,0.6915802192073133,0.8523574359999999
542,64,72,1.480165512489392,0,1.8581121865,14,-1.480165512489392,-1.8581121865
542,72,64,0.674586115928622,1,0.7169536304999999,13,0.32541388407137795,0.28304636950000006
543,58,63,1.455252471861953,3,1.159349402,11,1.544747528138047,1.840650598
543,63,58,1.1019667915149967,2,1.327793572,16,0.8980332084850033,0.672206428
544,65,72,1.9198819871199677,2,1.434012253,13,0.08011801288003229,0.5659877470000001
544,72,65,0.6179654162271558,3,0.445317126,7,2.3820345837728443,2.554682874
545,65,73,2.1406504576800587,3,1.843033574,11,0.8593495423199413,1.156966426
545,73,65,1.110247792560846,3,1.2577559600000001,17,1.889752207439154,1.7422440399999999
546,57,70,0.6882585135693098,1,0.749419569,13,0.3117414864306902,0.25058043100000005
546,70,57,2.0000577790654663,4,1.285072767,16,1.9999422209345337,2.714927233
547,60,69,1.1101782546231784,1,1.2875138506000001,12,-0.11017825462317843,-0.2875138506000001
547,69,60,1.83485725541986,3,1.5275979800000001,13,1.16514274458014,1.4724020199999999
548,69,73,1.358424599554175,2,1.2062807260000001,13,0.641575400445825,0.7937192739999999
548,73,69,1.733368267329556,2,1.6710817759999999,12,0.26663173267044393,0.32891822400000015
549,61,68,0.2511925111380533,0,0.452063477,3,-0.2511925111380533,-0.452063477
549,68,61,3.327771044207986,4,2.476437549,21,0.672228955792014,1.523562451
550,56,61,1.4315084106461546,1,1.446826432,11,-0.43150841064615464,-0.44682643199999994
550,61,56,0.7937906783674095,1,1.0482208984999999,14,0.20620932163259054,-0.04822089849999989
551,66,73,0.9885424737866132,0,1.8159626205,23,-0.9885424737866132,-1.8159626205
551,73,66,2.264568924567552,2,2.161970525,17,-0.264568924567552,-0.1619705250000001
552,60,62,0.5707542392406759,0,0.622109883,7,-0.5707542392406759,-0.622109883
552,62,60,1.6636768847451413,1,1.540067465,18,-0.6636768847451413,-0.5400674649999999
553,57,65,0.6291470089810842,0,0.665176994,18,-0.6291470089810842,-0.665176994
553,65,57,0.9910778075115942,2,0.7565358854,10,1.0089221924884058,1.2434641146
554,63,68,0.7522851932691029,0,0.937670613,9,-0.7522851932691029,-0.937670613
554,68,63,2.4789174847120408,4,1.872005348,17,1.5210825152879592,2.127994652
555,56,65,0.33143494690523023,0,0.317448506,6,-0.33143494690523023,-0.317448506
555,65,56,2.538769780634843,2,2.746086265,25,-0.5387697806348428,-0.7460862650000002
556,57,61,0.8806923446253787,2,1.017756209,12,1.1193076553746213,0.9822437909999999
556,61,57,0.3232033307932878,1,0.443226957,7,0.6767966692067122,0.556773043
557,60,70,0.4282419636351301,1,0.651762445,10,0.5717580363648699,0.348237555
557,70,60,2.149681294485678,5,2.240802984,14,2.850318705514322,2.759197016
558,61,72,0.2941665633606374,0,0.347138962,7,-0.2941665633606374,-0.347138962
558,72,61,2.0649938800563605,1,1.349152822,14,-1.0649938800563605,-0.349152822
559,60,64,0.8471853752186798,1,0.875526187,12,0.15281462478132024,0.12447381300000004
559,64,60,2.422711804646007,2,2.122520269,13,-0.4227118046460072,-0.12252026899999979
560,71,74,0.9708234738209661,2,0.872941468,12,1.0291765261790338,1.127058532
560,74,71,0.9306612421335898,2,0.494668151,12,1.0693387578664102,1.505331849
561,57,71,1.514073669471496,1,1.2321236673,11,-0.514073669471496,-0.2321236673
561,71,57,0.6419798887496903,3,0.6718568456,11,2.3580201112503096,2.3281431544
562,56,66,1.3040868866636481,2,1.208182919,13,0.6959131133363519,0.791817081
562,66,56,0.33191858248216366,0,0.455155367,14,-0.33191858248216366,-0.455155367
563,62,73,0.9365330316042617,2,0.9314718735,14,1.0634669683957383,1.0685281265
563,73,62,1.5464423030914198,3,1.6856949380000001,17,1.4535576969085802,1.3143050619999999
564,69,70,1.3167557218058303,1,1.0820943732,13,-0.31675572180583034,-0.0820943731999999
564,70,69,1.2121337104209053,2,0.989851092,10,0.7878662895790947,1.0101489080000001
565,70,72,1.7129887693097408,1,1.859288581,17,-0.7129887693097408,-0.8592885809999999
565,72,70,0.8958902596172945,1,0.8071752835,16,0.10410974038270548,0.1928247165
566,61,75,2.199072330509688,2,1.387935631,16,-0.1990723305096882,0.612064369
566,75,61,2.6991667423060712,4,3.0150321064,19,1.3008332576939288,0.9849678935999999
567,58,65,0.8443607047408154,0,0.7341058055,8,-0.8443607047408154,-0.7341058055
567,65,58,1.2029962648946326,2,1.318570899,16,0.7970037351053674,0.681429101
568,56,64,1.7894651599385007,1,1.537357255,14,-0.7894651599385007,-0.5373572550000001
568,64,56,0.9871035736224302,0,0.958143349,11,-0.9871035736224302,-0.958143349
569,56,68,2.404907706779725,3,1.64038069,12,0.5950922932202749,1.35961931
569,68,56,1.288772016787115,1,1.094154354,20,-0.28877201678711506,-0.09415435400000005
570,58,60,0.3039114170669945,0,0.490074025,7,-0.3039114170669945,-0.490074025
570,60,58,1.6677080633246808,1,1.5263864437,20,-0.6677080633246808,-0.5263864437000001
571,62,66,0.08116982554491269,0,0.123271698,3,-0.08116982554491269,-0.123271698
571,66,62,3.4248942363516086,4,3.529073544,37,0.5751057636483914,0.47092645599999994
572,57,63,0.8364654016788047,0,0.8301967616,10,-0.8364654016788047,-0.8301967616
572,63,57,0.3074330680647735,0,0.563289287,7,-0.3074330680647735,-0.563289287
573,62,72,0.4018720224809212,0,0.574951638,7,-0.4018720224809212,-0.574951638
573,72,62,0.7035512312208185,1,0.864151107,10,0.29644876877918147,0.13584889300000003
574,63,74,0.932008164768908,1,0.892524576,12,0.06799183523109198,0.10747542399999999
574,74,63,1.6571863072020951,1,1.8272887257,19,-0.6571863072020951,-0.8272887256999999
575,65,66,2.0971693193834273,3,1.767276259,14,0.9028306806165727,1.232723741
575,66,65,1.4058322505028693,3,1.189892488,23,1.5941677494971307,1.810107512
576,61,69,1.4114044997077961,2,0.7414455280000001,10,0.5885955002922039,1.258554472
576,69,61,0.47842755598633413,0,1.146324345,13,-0.47842755598633413,-1.146324345
577,68,71,2.0059398621459756,3,2.1910786695,10,0.9940601378540244,0.8089213305
577,71,68,0.9825857275691857,0,1.023264764,14,-0.9825857275691857,-1.023264764
578,59,64,1.0408923100375531,2,1.063275962,6,0.9591076899624469,0.9367240379999999
578,64,59,1.07160830959779,1,1.250270745,21,-0.07160830959778997,-0.2502707449999999
579,63,72,0.18898593235036343,0,0.220934547,5,-0.18898593235036343,-0.220934547
579,72,63,1.2750773733310414,1,1.390864934,16,-0.27507737333104143,-0.3908649340000001
580,68,69,0.3971768839778055,0,0.775856722,15,-0.3971768839778055,-0.775856722
580,69,68,0.18884755271498865,0,0.217737854,5,-0.18884755271498865,-0.217737854
581,65,68,0.42389766332022893,2,0.887442456,5,1.576102336679771,1.112557544
581,68,65,0.9459372376794548,2,0.738292164,14,1.0540627623205452,1.261707836
582,59,66,0.4880292997872953,2,0.5410910879999999,7,1.5119707002127047,1.458908912
582,66,59,1.8630382028136472,2,1.8213078150000002,18,0.13696179718635282,0.17869218499999984
583,67,69,1.8012999744980533,2,1.734293423,16,0.19870002550194665,0.265706577
583,69,67,1.0183013100318385,0,1.17513727,11,-1.0183013100318385,-1.17513727
584,65,67,0.6483172880282909,2,0.7327627854,11,1.351682711971709,1.2672372146000002
584,67,65,1.1007466972894264,2,1.248720347,25,0.8992533027105736,0.7512796530000001
585,72,74,1.4216613226288075,2,1.5109995809999999,19,0.5783386773711925,0.48900041900000013
585,74,72,0.5267062236576215,1,0.622184347,9,0.47329377634237846,0.377815653
586,68,75,0.7116682176883729,2,0.755861508,6,1.2883317823116271,1.244138492
586,75,68,3.22977940466152,4,3.033850069,15,0.77022059533848,0.9661499309999999
587,61,71,0.3657216731353943,1,0.18260662,5,0.6342783268646057,0.81739338
587,71,61,1.9768436169164083,1,1.8067538287,10,-0.9768436169164083,-0.8067538287
588,68,70,1.3042849809424737,2,1.5425039010000001,11,0.6957150190575263,0.4574960989999999
588,70,68,0.9657830645222594,0,0.9851546889999999,12,-0.9657830645222594,-0.9851546889999999
589,67,74,3.4945976163443206,2,3.2185072413999998,34,-1.4945976163443206,-1.2185072413999998
589,74,67,1.222180831999806,1,1.374992891,11,-0.22218083199980598,-0.374992891
590,63,74,0.644532952798887,0,0.647612742,10,-0.644532952798887,-0.647612742
590,74,63,0.18198593079373224,0,0.18617962999999998,5,-0.18198593079373224,-0.18617962999999998
591,61,62,0.4772756472470081,1,0.628781745,14,0.5227243527529919,0.37121825500000005
591,62,61,2.8398172063322145,3,1.871007249,10,0.16018279366778554,1.128992751
592,59,73,0.7950054630363317,0,1.130619507,13,-0.7950054630363317,-1.130619507
592,73,59,1.2570976927630688,1,0.864963301,9,-0.2570976927630688,0.13503669900000004
593,58,67,0.8984384820825038,1,0.9035067615,16,0.10156151791749624,0.09649323850000002
593,67,58,1.1291462082022936,0,1.060304189,17,-1.1291462082022936,-1.060304189
594,60,67,1.4547790430739835,4,1.29498498,19,2.5452209569260162,2.7050150200000003
594,67,60,0.8178984695593527,1,0.870355886,17,0.18210153044064725,0.12964411399999998
595,57,75,0.7465364118094315,2,0.7096059495,10,1.2534635881905685,1.2903940505
595,75,57,0.4167737157438392,0,0.5324099383,6,-0.4167737157438392,-0.5324099383
596,60,73,2.899358677743954,2,2.381780919,23,-0.8993586777439542,-0.3817809190000001
596,73,60,1.395113550638247,1,1.574677352,10,-0.39511355063824705,-0.5746773519999999
597,58,74,2.109164875641868,1,2.191957054,18,-1.1091648756418682,-1.191957054
597,74,58,1.5211562241513166,1,1.496363772,18,-0.5211562241513166,-0.49636377200000004
598,56,71,2.069931740438986,3,1.8746358920000001,14,0.9300682595610139,1.1253641079999999
598,71,56,0.171923442071238,0,0.15194508899999998,3,-0.171923442071238,-0.15194508899999998
599,64,66,1.3495962800521504,0,1.2530252446999999,14,-1.3495962800521504,-1.2530252446999999
599,66,64,3.2698110993401,2,3.1386999403,19,-1.2698110993401,-1.1386999403
600,66,72,1.3392758944834353,0,1.419035716,20,-1.3392758944834353,-1.419035716
600,72,66,0.46341240619722296,1,0.5090192713,7,0.5365875938027771,0.4909807287
601,64,68,0.9940058464914254,0,1.081408015,11,-0.9940058464914254,-1.081408015
601,68,64,0.9882661705236762,2,0.9432198607,16,1.0117338294763238,1.0567801393
602,66,69,1.4535506659685231,5,1.6221035209999999,14,3.546449334031477,3.3778964790000003
602,69,66,0.4456990762006727,3,0.445892212,6,2.5543009237993273,2.554107788
603,67,73,0.574871420350709,0,1.132619027,9,-0.574871420350709,-1.132619027
603,73,67,0.824816523373621,1,0.8060585825,14,0.175183476626379,0.19394141750000005
604,58,62,1.1167665571798064,1,0.987103677,6,-0.11676655717980644,0.012896322999999987
604,62,58,1.2650702010943675,0,1.794585826,32,-1.2650702010943675,-1.794585826
605,61,68,0.17670501650781031,0,0.16851417999999999,3,-0.17670501650781031,-0.16851417999999999
605,68,61,1.8343921869985231,0,1.8464311370000002,13,-1.8343921869985231,-1.8464311370000002
606,57,66,0.5331575769273711,0,0.789176068,13,-0.5331575769273711,-0.789176068
606,66,57,1.7476630175551358,1,1.833528316,19,-0.7476630175551358,-0.833528316
607,58,64,0.7396218265869983,0,0.931385584,6,-0.7396218265869983,-0.931385584
607,64,58,0.6998468262606338,0,0.9004746056999999,16,-0.6998468262606338,-0.9004746056999999
608,65,73,1.0119338874281034,0,1.291578439,23,-1.0119338874281034,-1.291578439
608,73,65,0.4266987108245484,2,0.429876889,8,1.5733012891754516,1.570123111
609,57,61,1.2276906940508892,0,1.249248071,12,-1.2276906940508892,-1.249248071
609,61,57,0.39891698629864664,1,0.651934538,7,0.6010830137013534,0.348065462
610,70,74,0.4436523537219355,1,0.486010593,10,0.5563476462780645,0.513989407
610,74,70,1.2449358000633042,1,1.688348201,15,-0.24493580006330418,-0.6883482009999999
